Age,City,Income,Joining Designation,Grade,Total Business Value,Quarterly Rating,quarterly_rating_imp,income_imp,monthofjoining,Target
28.0,C23,57387,1,1,1715580,2,0,0,12,1
31.0,C7,67016,2,2,0,1,0,0,11,0
43.0,C13,65603,2,2,350000,1,0,0,12,1
29.0,C9,46368,1,1,120360,1,0,0,1,1
31.0,C11,78728,3,3,1265000,2,1,0,7,0
34.0,C2,70656,3,3,0,1,0,0,9,1
28.0,C19,42172,1,1,0,1,0,0,12,0
35.0,C23,28116,1,1,2607180,1,0,0,6,1
31.0,C19,119227,1,4,10213040,1,0,0,5,1
39.0,C26,19734,3,3,0,1,0,0,10,0
30.0,C23,52963,2,2,346800,1,0,0,11,1
43.0,C20,51099,1,1,1017640,1,0,0,3,1
27.0,C17,31631,1,1,0,1,0,0,1,1
26.0,C19,40342,3,3,0,1,0,0,10,1
34.0,C29,22755,1,1,6962550,1,0,0,5,1
41.0,C10,31224,1,1,7539490,1,0,0,5,1
31.0,C24,76308,1,2,4101720,2,0,0,5,1
31.0,C24,102077,1,3,36351110,4,1,0,10,0
43.0,C14,132577,1,4,69867900,2,0,1,5,0
30.0,C13,30312,1,1,1273170,1,0,0,5,1
31.0,C6,69457,3,3,0,1,0,0,10,1
32.0,C28,65189,3,3,950940,2,1,0,7,0
28.0,C14,65813,2,2,476010,1,0,0,7,1
32.0,C5,68070,3,3,300000,1,0,0,3,1
41.0,C18,32865,2,2,4277730,2,0,0,7,1
33.0,C14,57375,2,2,650020,1,0,0,5,1
22.0,C27,13427,1,1,0,1,0,0,12,1
32.0,C26,72888,2,2,2422230,2,0,0,8,0
32.0,C15,59182,2,2,0,1,0,0,11,1
35.0,C29,92372,4,4,21755910,2,1,0,7,0
44.0,C28,45988,2,2,994690,1,0,0,10,1
27.0,C15,12906,1,1,359890,1,0,0,7,1
28.0,C17,62100,1,1,150110,1,0,0,9,1
35.0,C8,77544,3,3,5227340,3,1,0,5,0
36.0,C25,42171,1,1,338290,1,0,0,10,1
30.0,C21,28000,1,1,866270,2,0,0,10,0
22.0,C20,53039,1,2,1798800,1,0,0,5,1
49.0,C5,89367,3,3,110310,1,0,0,11,1
34.0,C14,131347,4,4,3190010,2,1,0,5,1
37.0,C19,48687,3,3,1852590,2,1,0,6,0
35.0,C29,127826,4,5,33823290,1,0,1,7,0
30.0,C8,29985,1,1,0,1,0,0,11,1
36.0,C19,80223,1,1,11723470,4,1,0,7,0
38.0,C1,84318,1,2,22791310,1,0,0,7,1
41.0,C4,57987,2,2,0,1,0,0,10,1
35.0,C18,31644,1,1,134660,1,0,0,1,1
48.0,C20,89592,1,4,49225520,2,0,1,9,0
32.0,C11,19818,1,1,-439300,1,0,0,5,1
27.0,C9,62376,1,1,0,1,0,0,11,0
28.0,C6,93931,1,3,12293120,2,1,0,4,0
33.0,C27,66502,2,2,193940,1,0,0,1,1
30.0,C7,69539,2,2,11718580,2,0,0,7,1
27.0,C4,104286,3,3,0,1,0,0,1,0
41.0,C28,65982,1,2,12543500,3,1,0,1,0
32.0,C29,79288,1,3,27309820,3,0,0,10,0
32.0,C7,64604,2,2,4640080,1,0,0,11,1
35.0,C20,19235,1,1,0,1,0,0,10,1
43.0,C20,54103,3,3,188780,1,0,0,5,1
28.0,C14,42242,2,2,193580,1,0,0,10,0
35.0,C5,59216,2,2,592270,1,0,0,5,1
25.0,C18,39884,2,2,2365930,2,0,0,7,1
34.0,C3,63918,1,2,17959920,3,1,0,5,0
37.0,C21,105946,2,4,43531510,2,0,0,9,0
32.0,C14,114648,4,4,0,1,0,0,7,1
29.0,C7,56687,2,2,153300,1,0,0,10,0
39.0,C9,77177,1,2,3133680,1,0,0,6,1
37.0,C24,89013,3,3,0,1,0,0,4,1
34.0,C23,115159,3,3,750000,1,0,0,8,1
42.0,C16,25950,1,1,8688020,2,1,0,7,1
25.0,C22,49509,1,1,0,1,0,0,9,0
35.0,C2,49510,1,1,0,1,0,0,5,1
37.0,C6,119341,3,3,36029220,4,1,0,8,0
45.0,C3,62298,2,2,3248870,1,0,0,1,1
28.0,C2,58977,2,2,6131430,1,0,0,5,1
33.0,C22,29408,2,2,543640,1,0,0,11,1
31.0,C21,22731,2,2,200000,1,0,0,8,1
30.0,C17,39527,2,2,1220120,2,0,0,7,1
29.0,C14,60874,3,3,0,1,0,0,1,1
35.0,C12,64953,3,3,0,1,0,0,7,1
40.0,C2,80771,3,3,350000,1,0,0,10,0
25.0,C16,63774,2,3,21415440,2,0,1,8,1
30.0,C23,38068,2,2,0,1,0,0,3,1
33.0,C10,38945,1,1,1759840,1,0,0,12,1
22.0,C12,42270,1,1,0,1,0,0,1,1
26.0,C28,68913,2,2,544380,1,0,0,11,1
30.0,C23,60332,2,2,1252320,2,1,0,8,0
38.0,C4,67931,1,1,0,1,0,0,9,1
34.0,C22,57671,1,3,4504880,2,0,0,5,1
35.0,C9,102142,3,3,4545450,1,0,0,12,1
38.0,C22,121259,3,3,864350,1,0,0,1,1
36.0,C6,33927,1,1,1927920,2,1,0,4,0
32.0,C16,32663,1,1,251810,1,0,0,9,1
52.0,C13,73769,2,3,2167840,1,0,0,12,1
46.0,C29,50466,1,1,13121470,3,0,0,6,0
42.0,C10,47160,1,1,670440,1,0,0,6,1
32.0,C19,89456,3,3,0,1,0,0,9,0
46.0,C1,31752,1,3,12674940,2,0,0,7,0
22.0,C11,16477,1,1,1116990,1,0,0,12,1
47.0,C1,144978,1,5,40152720,2,0,0,1,0
42.0,C27,67904,3,3,150700,1,0,0,3,1
32.0,C29,71000,3,3,557720,1,0,0,11,1
27.0,C14,114258,3,3,0,1,0,0,9,1
33.0,C13,58885,3,3,0,1,0,0,3,1
27.0,C26,57406,2,2,605760,2,1,0,8,0
44.0,C24,41401,1,1,2184160,1,0,0,10,1
33.0,C10,30847,1,1,1221780,1,0,0,7,1
33.0,C28,84085,3,3,-70000,1,0,0,5,1
38.0,C6,60708,2,2,436190,1,0,0,7,0
38.0,C28,39990,2,2,2928710,1,0,0,1,1
38.0,C19,79086,2,3,2620360,1,0,0,10,1
27.0,C20,43165,2,2,0,1,0,0,5,1
44.0,C23,46858,1,1,873110,1,0,0,7,1
32.0,C27,76904,3,3,190550,1,0,0,10,0
28.0,C22,98877,3,3,1517680,2,1,0,9,0
37.0,C10,47009,1,1,0,1,0,0,10,1
42.0,C28,33459,2,2,6570070,4,1,0,6,0
48.0,C21,34827,1,1,0,1,0,0,1,1
32.0,C14,51850,2,2,0,1,0,0,10,1
38.0,C9,72253,1,2,13939940,3,0,0,4,0
35.0,C22,65901,2,2,0,1,0,0,7,1
24.0,C16,29807,1,1,122040,1,0,0,6,1
40.0,C12,24150,1,1,340560,1,0,0,5,1
27.0,C28,21933,1,1,0,1,0,0,8,1
35.0,C13,75112,3,3,1847280,3,1,0,2,1
36.0,C9,85172,2,2,0,1,0,0,7,1
41.0,C15,45288,2,2,0,1,0,0,12,0
34.0,C20,61913,3,3,0,1,0,0,4,1
39.0,C17,29013,1,3,24273480,3,1,0,4,0
30.0,C15,89602,4,4,950170,1,0,0,9,1
31.0,C17,31547,1,2,1419720,2,1,0,6,1
38.0,C22,148588,5,5,1472800,1,0,0,10,1
30.0,C21,47211,1,1,0,1,0,0,7,1
27.0,C26,118363,2,3,1602380,2,0,0,9,1
41.0,C9,41046,1,1,0,1,0,0,7,1
26.0,C22,45832,1,1,0,1,0,0,7,1
44.0,C4,30121,1,1,6278140,1,0,0,7,1
38.0,C25,35793,1,1,0,1,0,0,6,1
36.0,C2,100064,3,3,0,1,0,0,10,1
29.0,C6,25731,1,1,0,1,0,0,5,1
37.0,C26,106171,1,4,10395250,1,0,0,6,1
25.0,C21,76307,2,2,0,1,0,0,10,1
26.0,C18,35283,1,1,1154620,1,0,0,3,1
26.0,C15,33057,2,2,12087570,3,0,0,10,0
34.0,C14,38409,2,2,5239360,1,0,0,5,1
35.0,C7,91458,3,3,1987680,1,0,0,7,1
44.0,C23,56242,2,2,3466180,1,0,0,8,1
41.0,C6,101395,2,3,5365850,1,0,0,11,1
39.0,C28,56174,1,3,19866290,3,1,0,6,0
39.0,C21,22065,1,1,2970500,1,0,0,7,1
31.0,C13,27889,1,1,19580,1,0,0,9,1
34.0,C15,21276,1,1,0,1,0,0,5,1
31.0,C4,43053,1,1,600000,1,0,0,12,1
23.0,C7,36637,2,2,550000,1,0,0,9,1
26.0,C11,24490,1,1,1616780,1,0,0,5,1
34.0,C29,95694,2,4,0,1,0,0,6,1
30.0,C17,26926,3,3,0,1,0,0,11,0
32.0,C22,25832,1,1,866320,1,0,0,1,1
26.0,C23,43263,1,1,903800,1,0,0,11,1
34.0,C21,62199,2,2,903160,1,0,0,4,1
29.0,C1,82120,1,3,2416570,1,0,0,11,1
34.0,C26,20922,2,2,151600,1,0,0,11,1
34.0,C12,36483,2,2,2516690,1,0,0,11,0
36.0,C1,108051,4,4,121980,1,0,0,11,1
27.0,C11,63380,3,3,10666090,3,1,0,12,0
37.0,C9,66952,3,3,2412240,1,0,0,4,0
47.0,C26,59084,1,2,9983020,1,0,0,5,1
30.0,C8,54074,2,2,2000000,1,0,0,6,1
27.0,C18,19419,1,1,0,1,0,0,9,1
44.0,C14,75001,3,3,1150720,2,1,0,5,1
41.0,C25,94594,2,3,1985150,1,0,0,10,1
30.0,C14,87902,1,3,31533700,4,1,0,12,0
46.0,C8,66707,3,3,0,1,0,0,11,1
38.0,C5,42260,3,3,0,1,0,0,5,1
33.0,C28,28921,1,1,593300,2,0,0,10,0
34.0,C4,84713,3,3,2816440,1,0,0,7,1
31.0,C14,68151,1,2,337230,1,0,0,12,1
39.0,C12,15826,1,1,0,1,0,0,12,0
26.0,C10,12968,1,1,0,1,0,0,9,0
32.0,C29,61894,3,3,3209720,1,0,0,5,1
31.0,C16,31657,1,1,376780,1,0,0,1,1
38.0,C29,64583,3,3,802540,1,0,0,5,0
34.0,C6,81730,3,3,0,1,0,0,6,1
37.0,C24,59947,2,2,12182590,1,0,0,9,0
26.0,C15,17307,1,1,1742410,1,0,0,7,1
30.0,C20,86340,2,2,7020890,1,0,0,7,1
32.0,C10,27328,1,2,5854230,1,0,0,5,1
25.0,C21,27979,1,1,734620,2,1,0,7,0
36.0,C5,51657,2,2,2805350,1,0,0,5,1
38.0,C18,107539,2,3,2784450,1,0,0,11,1
31.0,C3,13051,1,1,0,1,0,0,12,1
26.0,C2,92753,3,3,0,1,0,0,9,1
25.0,C20,59108,2,2,1559910,1,0,0,8,1
32.0,C14,44792,3,3,2242270,3,1,0,7,0
36.0,C18,55528,2,2,1172300,1,0,0,11,1
45.0,C29,61912,3,3,7237950,1,0,0,5,1
45.0,C6,53385,1,1,10390120,1,0,0,7,1
43.0,C28,104995,4,4,11947410,2,1,0,8,1
34.0,C25,44359,2,2,5824480,1,0,0,10,1
32.0,C5,21354,1,1,0,1,0,0,10,1
34.0,C15,23185,1,1,0,1,0,0,7,1
36.0,C27,139139,3,3,500000,1,0,0,6,0
27.0,C23,52616,2,2,2800740,2,1,0,1,0
39.0,C16,37873,1,1,0,1,0,0,10,1
33.0,C10,75626,3,3,181070,1,0,0,9,0
32.0,C20,40168,2,2,495310,1,0,0,1,1
24.0,C1,33901,1,1,0,1,0,0,11,1
28.0,C21,11236,1,1,0,1,0,0,11,1
26.0,C4,60228,3,3,483150,1,0,0,8,0
40.0,C20,37346,1,2,3095340,1,0,0,5,1
38.0,C23,77903,2,2,0,1,0,0,9,1
42.0,C10,64128,1,2,2278190,1,0,0,12,1
39.0,C4,27294,2,2,619900,1,0,0,6,1
37.0,C24,81700,1,3,28348090,4,0,0,6,0
21.0,C10,25172,1,1,0,1,0,0,10,1
30.0,C29,31655,3,3,150230,1,0,0,12,1
29.0,C13,25459,1,1,2658050,2,1,0,5,0
29.0,C24,47864,1,1,0,1,0,0,10,1
42.0,C20,90988,3,3,7912770,1,0,0,7,1
28.0,C2,24862,2,2,1200020,1,0,0,1,1
24.0,C6,19170,1,1,289500,1,0,0,10,0
25.0,C11,49439,1,1,0,1,0,0,12,1
34.0,C3,40381,1,1,1706780,2,1,0,5,0
43.0,C16,40102,1,2,2558650,1,0,0,10,1
36.0,C5,89200,3,3,3643890,2,1,0,10,1
31.0,C6,54352,1,1,4024340,1,0,0,6,1
36.0,C11,76336,3,3,260000,1,0,0,5,1
38.0,C29,134529,4,4,19169110,3,1,0,5,0
37.0,C5,64901,2,2,8992830,3,1,0,5,0
29.0,C16,40259,1,1,461970,1,0,0,8,0
39.0,C7,53224,2,2,0,1,0,0,12,0
41.0,C20,97226,1,4,33697790,3,0,1,5,0
30.0,C23,107495,3,3,965680,2,1,0,6,0
34.0,C2,52191,1,1,529010,1,0,0,10,1
29.0,C2,41800,1,1,2736130,1,0,0,11,1
34.0,C6,108013,4,4,6751230,1,0,0,10,1
43.0,C20,78607,3,3,246810,1,0,0,10,0
29.0,C21,57339,2,2,0,1,0,0,8,1
27.0,C29,57420,2,2,0,1,0,0,11,0
34.0,C20,42189,2,2,0,1,0,0,1,1
30.0,C24,70781,2,2,150400,1,0,0,7,1
30.0,C7,13605,1,1,0,1,0,0,5,1
41.0,C17,62901,2,2,0,1,0,0,12,0
29.0,C3,51110,2,2,0,1,0,0,7,0
25.0,C5,66842,1,1,0,1,0,0,7,1
27.0,C20,49695,2,2,1273240,1,0,0,2,1
33.0,C29,81858,3,3,0,1,0,0,7,1
28.0,C11,45981,1,1,373410,1,0,0,12,1
36.0,C21,13793,1,1,153360,1,0,0,10,0
29.0,C8,35983,2,2,225690,1,0,0,1,1
32.0,C20,65094,1,2,29901450,4,0,0,6,0
38.0,C8,109473,3,3,0,1,0,0,12,0
39.0,C20,70753,3,3,1501770,1,0,0,9,1
36.0,C28,25851,1,1,0,1,0,0,8,1
42.0,C28,78645,1,2,0,1,0,0,10,1
24.0,C9,20176,1,1,0,1,0,0,8,1
31.0,C4,53025,2,2,0,1,0,0,11,0
39.0,C26,88207,2,4,56839380,1,0,1,10,1
32.0,C5,188418,2,5,58024490,2,0,0,8,0
30.0,C5,77597,3,3,0,1,0,0,12,0
27.0,C3,58439,1,1,0,1,0,0,12,0
34.0,C16,26047,2,2,0,1,0,0,3,1
31.0,C15,96603,3,3,150050,1,0,0,4,1
29.0,C9,50281,3,3,0,1,0,0,9,1
47.0,C12,42592,1,1,250000,1,0,0,9,1
35.0,C5,59936,2,2,5195840,1,0,0,6,1
33.0,C3,37890,1,1,0,1,0,0,10,1
30.0,C27,51819,3,3,0,1,0,0,1,1
28.0,C20,63126,1,2,30153680,4,0,1,7,0
27.0,C25,29869,1,1,242500,1,0,0,10,1
41.0,C6,57245,2,2,400000,1,0,0,6,1
30.0,C29,64558,2,2,3159800,2,1,0,1,0
31.0,C26,69160,3,3,4600000,3,0,0,7,0
26.0,C15,50739,1,1,109020,1,0,0,11,1
24.0,C28,69454,2,2,194000,1,0,0,4,1
38.0,C3,26658,1,1,841620,1,0,0,5,1
35.0,C28,54816,3,3,200000,1,0,0,12,1
44.0,C11,133752,1,3,14717150,2,0,0,7,0
39.0,C15,35694,1,1,0,1,0,0,9,1
35.0,C25,71154,3,3,0,1,0,0,9,0
29.0,C24,51152,1,1,134360,1,0,0,2,1
44.0,C6,45796,1,1,1296960,1,0,0,9,1
29.0,C9,58812,2,2,323290,1,0,0,1,1
41.0,C11,94685,3,3,0,1,0,0,11,0
47.0,C10,140769,2,4,9577580,1,0,0,2,1
45.0,C8,62135,2,2,0,1,0,0,9,1
32.0,C17,55937,3,3,1827320,1,0,0,6,1
36.0,C16,33327,1,1,544560,1,0,0,8,1
40.0,C11,49592,2,2,3946480,2,1,0,12,0
45.0,C18,83084,3,3,11082000,1,0,0,7,1
24.0,C4,26563,1,1,150440,1,0,0,1,1
28.0,C2,55938,3,3,0,1,0,0,2,1
35.0,C27,35284,2,2,834890,2,1,0,7,0
31.0,C2,92158,3,3,1072230,1,0,0,12,1
36.0,C15,57044,2,3,0,1,0,0,1,1
28.0,C13,71326,2,2,0,1,0,0,9,0
33.0,C26,56317,2,2,116400,1,0,0,5,1
33.0,C10,55441,2,2,0,1,0,0,12,1
31.0,C9,50609,2,2,8254930,4,1,0,12,0
44.0,C24,39564,1,1,632080,1,0,0,2,1
31.0,C18,33134,1,1,13594350,1,0,0,7,1
31.0,C11,60555,1,1,0,1,0,0,11,1
34.0,C22,135879,3,3,3163760,1,0,0,6,1
35.0,C2,127616,4,4,13191530,2,0,0,3,0
40.0,C26,117830,3,3,5175130,1,0,0,10,0
37.0,C4,107473,2,4,35460020,2,1,0,6,0
39.0,C20,58347,2,2,313450,1,0,0,10,1
33.0,C21,13743,1,1,333120,1,0,0,9,1
38.0,C20,51609,2,2,3912140,2,1,0,5,0
30.0,C21,67650,2,2,1670310,1,0,0,12,1
27.0,C13,35727,1,1,456170,1,0,0,3,1
24.0,C22,44740,2,2,0,1,0,0,2,1
29.0,C15,44630,2,2,0,1,0,0,10,0
45.0,C23,51911,1,2,30869270,4,0,1,9,0
32.0,C20,28186,1,1,0,1,0,0,9,1
48.0,C20,49113,1,1,12205880,4,1,0,7,0
33.0,C26,82259,2,2,196560,1,0,0,6,1
30.0,C23,38569,1,1,4526790,1,0,0,11,1
36.0,C27,109992,3,3,3526230,2,0,0,4,0
38.0,C5,88715,2,2,2250980,3,1,0,8,0
35.0,C5,121332,1,3,19017290,2,0,0,10,0
33.0,C9,35057,3,3,0,1,0,0,12,0
31.0,C13,29106,1,1,3315120,1,0,0,5,1
28.0,C18,12938,1,1,0,1,0,0,10,0
41.0,C17,43969,1,1,5040480,1,0,0,9,0
26.0,C27,52364,2,2,2271730,1,0,0,10,1
35.0,C28,77156,3,3,1131560,2,0,0,9,0
45.0,C18,137082,2,4,5875810,2,0,0,2,1
29.0,C22,45245,1,1,265760,1,0,0,11,1
34.0,C15,43611,2,2,3023960,1,0,0,12,0
30.0,C15,45923,2,2,400000,1,0,0,5,1
32.0,C22,70428,1,1,0,1,0,0,10,1
37.0,C22,133783,1,3,17483970,3,1,0,1,0
35.0,C20,84850,3,3,0,1,0,0,1,1
34.0,C20,97722,2,4,27458220,3,1,0,6,0
28.0,C12,73194,2,2,1231540,1,0,0,6,1
30.0,C5,63280,2,2,0,1,0,0,12,0
31.0,C5,40604,1,1,920230,1,0,0,10,1
35.0,C19,65729,2,2,9748190,2,0,0,10,0
38.0,C23,76069,2,2,921350,1,0,0,6,1
46.0,C24,91279,1,3,26927680,3,1,0,11,0
29.0,C15,24049,2,2,0,1,0,0,10,0
36.0,C1,41553,2,2,3328970,2,0,0,10,1
34.0,C14,25028,1,1,3506580,1,0,0,6,1
43.0,C12,38625,1,1,0,1,0,0,8,1
41.0,C13,58207,1,2,16290800,3,0,0,5,0
29.0,C1,33320,2,2,253660,1,0,0,7,0
39.0,C24,57225,2,2,609830,1,0,0,8,1
28.0,C1,52572,1,1,184650,1,0,0,2,1
29.0,C16,56243,2,2,0,1,0,0,11,0
33.0,C25,97153,2,3,10732480,2,0,0,1,1
36.0,C13,61575,2,2,1754320,3,1,0,9,0
35.0,C27,92559,3,3,0,1,0,0,7,1
28.0,C23,42027,2,2,0,1,0,0,11,0
31.0,C15,74051,1,2,3702370,1,0,0,7,1
26.0,C13,38390,1,1,0,1,0,0,10,1
39.0,C18,80489,3,3,607260,1,0,0,10,0
41.0,C4,93113,1,2,4292240,1,0,0,11,1
27.0,C27,78754,2,3,26975690,1,0,0,4,0
36.0,C20,43083,1,1,1628780,1,0,0,4,1
40.0,C17,74684,2,2,2652520,1,0,0,9,1
47.0,C22,30921,1,3,15036790,3,1,0,12,0
34.0,C24,65053,2,2,705550,1,0,0,7,1
33.0,C10,88180,3,3,1465000,2,0,0,10,0
37.0,C8,120771,2,4,0,1,0,0,6,1
32.0,C28,14489,1,1,210000,1,0,0,1,1
39.0,C18,50457,3,3,5715360,3,1,0,5,0
36.0,C14,17047,1,1,2097840,1,0,0,6,1
37.0,C13,78656,3,3,1193290,1,0,0,5,1
30.0,C6,88515,1,3,51680810,4,0,1,8,0
29.0,C22,63479,1,1,2759970,1,0,0,6,1
28.0,C24,128590,1,4,25128430,1,0,0,6,1
43.0,C9,81206,1,2,6940080,1,0,0,10,1
27.0,C3,60246,1,1,4103180,2,1,0,11,1
40.0,C16,113125,2,4,16391700,1,0,0,8,0
32.0,C6,81288,3,3,4732810,3,1,0,5,0
32.0,C23,73933,3,3,0,1,0,0,9,1
31.0,C3,55108,2,2,0,1,0,0,9,1
32.0,C15,36856,1,1,2888690,2,1,0,11,0
32.0,C8,33956,2,2,0,1,0,0,1,1
31.0,C22,50832,3,3,5971490,3,1,0,2,0
37.0,C10,65389,2,4,30318780,3,0,0,4,0
25.0,C11,32466,1,1,184290,1,0,0,9,0
30.0,C20,70415,1,3,22457270,4,1,0,8,0
41.0,C16,123390,1,5,0,1,0,0,11,1
46.0,C19,104473,2,4,3363930,1,0,0,10,1
37.0,C12,123361,4,4,23995570,2,0,0,7,0
30.0,C17,45357,1,1,0,1,0,0,8,1
35.0,C26,45193,2,2,0,1,0,0,7,1
23.0,C5,54992,2,2,700000,2,0,0,11,0
31.0,C19,16749,3,3,400280,1,0,0,7,0
29.0,C12,67194,3,3,442730,1,0,0,10,0
29.0,C15,37575,2,2,3415470,2,1,0,12,1
32.0,C8,53577,2,2,1126370,2,1,0,4,1
35.0,C16,46139,3,3,359320,1,0,0,10,0
39.0,C24,47419,1,1,117860,1,0,0,12,1
34.0,C27,86072,3,3,1457350,1,0,0,7,1
35.0,C8,87438,2,2,4847980,2,0,0,1,1
23.0,C23,64179,2,2,0,1,0,0,12,1
32.0,C29,83926,3,3,0,1,0,0,11,1
31.0,C13,26067,1,1,0,1,0,0,10,1
31.0,C1,39660,2,2,0,1,0,0,2,1
38.0,C12,59318,3,3,0,1,0,0,5,1
39.0,C23,83429,3,3,1613030,2,1,0,6,0
25.0,C16,62431,1,1,0,1,0,0,7,1
32.0,C10,45068,1,1,0,1,0,0,8,1
43.0,C11,42714,1,1,2119680,1,0,0,7,1
28.0,C16,22918,2,2,1220340,1,0,0,3,1
39.0,C19,29312,1,1,1410810,1,0,0,6,1
31.0,C20,39164,2,2,0,1,0,0,9,1
24.0,C20,22947,1,1,0,1,0,0,12,1
30.0,C12,68341,1,1,6644580,1,0,0,5,1
45.0,C10,56611,1,2,11593960,2,0,0,7,1
42.0,C16,132558,3,3,10574260,3,1,0,5,0
29.0,C4,26562,1,1,0,1,0,0,8,1
40.0,C10,31674,1,2,10289970,2,0,0,10,1
39.0,C12,35091,1,1,0,1,0,0,12,1
45.0,C28,80716,1,2,9979710,1,0,0,10,1
32.0,C12,49475,1,1,4758570,2,1,0,10,1
26.0,C2,41638,1,1,0,1,0,0,5,1
36.0,C19,23107,2,2,0,1,0,0,7,1
28.0,C9,52307,2,2,4593470,2,1,0,12,0
36.0,C16,110964,3,3,13593340,1,0,0,3,0
24.0,C15,20170,1,1,250000,1,0,0,10,1
30.0,C16,65035,2,2,149040,1,0,0,6,1
31.0,C20,65571,2,2,0,1,0,0,11,0
43.0,C3,47668,3,3,0,1,0,0,9,0
40.0,C12,103119,4,4,7596440,1,0,0,5,1
32.0,C16,96956,3,3,2207980,2,0,0,5,0
23.0,C5,49888,2,2,0,1,0,0,11,1
45.0,C21,42544,1,1,1787540,2,0,0,6,1
33.0,C15,49653,2,2,2193610,1,0,0,8,1
25.0,C26,55804,2,2,115940,1,0,0,1,1
40.0,C6,29231,1,2,7165360,2,0,0,11,1
33.0,C21,48682,2,2,0,1,0,0,12,0
25.0,C8,92079,3,3,152640,1,0,0,6,0
28.0,C29,68751,1,1,0,1,0,0,9,0
34.0,C21,58130,2,2,0,1,0,0,12,0
43.0,C8,40777,1,1,0,1,0,0,5,1
35.0,C20,22793,1,1,580500,1,0,0,6,1
26.0,C29,10747,2,2,0,1,0,0,4,1
26.0,C29,41099,1,1,5648380,1,0,0,7,0
51.0,C1,59796,1,1,0,1,0,0,10,1
45.0,C15,52199,1,1,1250680,1,0,0,9,1
36.0,C29,83253,3,3,0,1,0,0,10,1
28.0,C23,98996,4,4,12922130,1,0,0,1,1
35.0,C27,27882,1,1,4987200,3,0,0,4,0
36.0,C26,109652,2,3,4760130,3,1,0,5,1
39.0,C9,31056,3,3,1027790,1,0,0,5,1
33.0,C17,82822,3,3,950000,2,1,0,8,0
33.0,C22,106727,3,3,3570400,2,1,0,10,1
35.0,C23,86823,3,4,11940020,1,0,0,8,1
34.0,C10,51086,2,2,2256420,1,0,0,3,1
32.0,C9,12934,2,2,181250,1,0,0,11,1
37.0,C28,31137,1,1,0,1,0,0,3,1
35.0,C8,68045,2,2,660480,2,1,0,9,0
37.0,C26,61243,1,1,5181790,3,1,0,10,0
36.0,C1,35731,1,1,200000,1,0,0,6,1
28.0,C10,87872,3,3,0,1,0,0,11,0
39.0,C27,77182,1,4,17244320,1,0,0,9,1
28.0,C26,35112,1,1,980720,2,1,0,7,1
35.0,C29,84554,2,3,23376420,4,1,1,12,0
26.0,C23,29698,1,1,4507470,2,1,0,11,0
36.0,C24,109296,2,3,0,1,0,0,6,1
29.0,C14,96233,3,3,0,1,0,0,12,0
27.0,C1,71812,1,2,5083330,1,0,0,2,1
44.0,C8,43720,2,2,2308640,1,0,0,7,1
29.0,C12,34793,3,3,0,1,0,0,9,0
43.0,C14,50345,1,2,13721360,2,0,0,7,1
29.0,C26,62542,2,2,0,1,0,0,11,1
36.0,C14,20993,1,1,195960,1,0,0,9,0
28.0,C19,34536,2,2,1252200,2,1,0,9,0
31.0,C20,55239,3,3,0,1,0,0,8,0
24.0,C2,20886,1,1,212640,1,0,0,11,1
36.0,C27,55670,1,1,5097450,3,1,0,10,0
43.0,C13,84481,3,3,236100,1,0,0,6,1
37.0,C13,65170,3,3,35969490,4,1,0,11,0
32.0,C12,44273,2,2,0,1,0,0,9,1
36.0,C24,19649,1,1,577480,1,0,0,11,1
36.0,C8,51658,1,2,20915380,4,1,0,10,0
39.0,C11,55263,1,2,6705230,1,0,0,8,1
41.0,C27,44342,1,1,1722620,3,1,0,8,0
42.0,C19,152234,3,4,41826510,1,0,0,7,0
28.0,C6,43855,1,1,0,1,0,0,12,0
29.0,C6,52465,2,2,0,1,0,0,2,1
35.0,C20,73359,1,3,3447760,1,0,0,7,1
38.0,C1,31340,1,1,202500,1,0,0,1,1
37.0,C28,56543,3,3,8594640,3,1,0,9,0
37.0,C10,50504,1,1,7055630,1,0,0,5,1
33.0,C16,60655,1,4,41667690,2,0,1,5,0
40.0,C26,111743,2,3,29530380,3,0,0,12,0
34.0,C19,37929,1,1,7429260,3,1,0,1,0
32.0,C3,95826,3,3,1277730,2,1,0,7,0
30.0,C2,31890,2,2,1682570,2,1,0,2,1
27.0,C28,54026,2,2,0,1,0,0,5,1
40.0,C13,70144,2,2,381660,1,0,0,7,1
27.0,C25,39391,1,1,0,1,0,0,12,0
31.0,C22,68356,3,3,242560,1,0,0,5,1
29.0,C14,108091,3,3,158570,1,0,0,5,1
35.0,C29,46169,2,2,0,1,0,0,12,1
30.0,C5,70570,1,2,1583300,1,0,0,6,1
42.0,C18,56877,1,2,19649270,4,0,1,7,0
42.0,C25,52641,1,1,16475160,3,0,0,1,0
33.0,C10,47682,2,2,26819450,4,1,0,11,0
31.0,C11,59926,2,2,1828010,3,1,0,7,0
29.0,C1,51593,2,3,585630,1,0,0,10,1
41.0,C4,14989,1,1,0,1,0,0,10,1
34.0,C20,96680,3,3,6291840,4,1,0,5,0
28.0,C13,17660,2,2,1648010,1,0,0,5,1
36.0,C7,100882,3,3,1395620,2,0,0,9,0
42.0,C20,67624,1,2,9218380,2,0,0,5,0
39.0,C23,86336,3,3,4035480,1,0,0,2,1
30.0,C19,41093,2,2,303910,1,0,0,9,0
30.0,C26,55828,2,2,1034740,2,1,0,7,0
29.0,C12,66483,2,2,1049120,1,0,0,8,1
28.0,C23,85926,3,3,1613430,2,1,0,8,0
38.0,C9,78135,2,2,3530650,1,0,0,12,1
27.0,C3,71458,2,2,0,1,0,0,12,0
29.0,C2,115293,3,3,1883780,1,0,0,10,1
33.0,C19,39119,1,2,942130,1,0,0,5,1
28.0,C9,49553,2,2,0,1,0,0,4,1
30.0,C15,64842,2,2,1602040,1,0,0,10,1
47.0,C26,65856,1,2,18872890,4,1,0,5,0
37.0,C10,95352,1,3,23650380,2,0,0,10,0
34.0,C10,114230,3,3,2959740,2,1,0,1,1
27.0,C27,38764,1,1,1703720,2,0,0,1,1
24.0,C26,83294,2,2,2241630,1,0,0,11,1
33.0,C9,46186,1,1,850280,1,0,0,10,1
30.0,C23,49664,2,2,0,1,0,0,11,1
32.0,C10,39216,2,2,0,1,0,0,1,1
31.0,C17,29685,1,1,200000,1,0,0,11,0
30.0,C1,13653,1,1,2256960,1,0,0,8,1
23.0,C10,36474,1,1,5936640,1,0,0,10,1
34.0,C23,54056,1,2,7563910,1,0,0,5,1
22.0,C18,21673,1,1,5923040,4,1,0,5,0
41.0,C6,54520,1,2,1277510,1,0,0,6,1
30.0,C14,32150,3,3,2626230,2,1,0,5,0
29.0,C8,79801,3,3,812040,2,1,0,9,0
29.0,C4,101494,3,3,142560,1,0,0,12,1
42.0,C22,53454,3,3,0,1,0,0,12,0
23.0,C29,57931,1,1,0,1,0,0,11,1
35.0,C15,104712,2,3,20011620,2,0,0,5,0
32.0,C12,49936,1,1,1567300,1,0,0,11,1
35.0,C24,18788,2,2,0,1,0,0,12,1
36.0,C17,35219,2,2,2465510,1,0,0,10,1
43.0,C15,38624,2,2,145450,1,0,0,9,1
35.0,C28,51781,2,2,1320320,1,0,0,9,1
36.0,C3,48059,3,3,210670,1,0,0,7,1
29.0,C28,54358,1,1,355360,1,0,0,1,1
31.0,C28,130429,3,3,300000,1,0,0,7,1
44.0,C20,95388,4,4,0,1,0,0,10,1
38.0,C16,149403,2,5,54792310,2,0,1,7,0
27.0,C12,66599,2,2,4336590,2,1,0,2,0
27.0,C8,105931,3,3,1510890,1,0,0,12,1
35.0,C11,86516,3,3,240920,1,0,0,7,0
35.0,C26,63632,2,2,1015390,1,0,0,7,0
29.0,C6,34741,1,1,3695100,3,1,0,4,0
28.0,C8,110445,2,4,960000,1,0,0,3,1
34.0,C11,71776,3,3,301150,1,0,0,10,0
34.0,C10,57888,1,1,0,1,0,0,8,1
28.0,C3,18928,1,1,942840,2,1,0,7,0
33.0,C14,35584,1,1,0,1,0,0,6,1
33.0,C16,42953,2,2,0,1,0,0,11,0
34.0,C12,41298,3,3,3210720,1,0,0,12,1
34.0,C20,112322,4,4,0,1,0,0,11,1
44.0,C1,64702,2,2,106510,1,0,0,9,1
22.0,C4,36116,2,2,0,1,0,0,10,1
35.0,C13,40926,2,2,429430,1,0,0,1,1
30.0,C6,105966,3,3,4689800,2,0,0,4,0
32.0,C13,54903,3,3,0,1,0,0,6,1
24.0,C7,15327,1,1,0,1,0,0,1,1
37.0,C29,76548,1,2,16118660,3,1,0,10,0
27.0,C21,97203,3,3,0,1,0,0,7,1
33.0,C19,40041,1,1,186080,2,0,0,12,0
31.0,C8,78143,2,2,4173650,1,0,0,9,1
29.0,C3,45969,2,2,4618180,2,1,0,11,1
33.0,C11,42368,3,3,100680,1,0,0,11,1
30.0,C18,77011,2,2,532480,1,0,0,8,1
36.0,C12,36967,2,2,0,1,0,0,7,0
34.0,C14,38546,1,1,200000,1,0,0,9,1
48.0,C29,71072,2,3,1555490,1,0,0,5,1
35.0,C14,31411,1,1,1403820,3,1,0,8,0
37.0,C3,127380,2,4,5474330,1,0,0,7,1
29.0,C23,51840,2,2,2457760,3,1,0,8,0
30.0,C14,40008,1,1,6583320,3,1,0,7,0
41.0,C17,55762,1,1,1617190,1,0,0,10,1
23.0,C20,30083,1,1,1500340,1,0,0,6,1
28.0,C1,62909,2,2,860000,1,0,0,11,1
32.0,C18,13037,1,1,0,1,0,0,10,1
46.0,C14,22931,1,2,2576870,1,0,0,6,1
28.0,C10,17186,1,1,0,1,0,0,10,1
45.0,C14,49509,2,2,580610,1,0,0,12,1
30.0,C7,59241,2,2,0,1,0,0,6,1
32.0,C23,31831,1,1,420720,1,0,0,12,1
47.0,C14,123729,2,4,34707890,2,0,0,7,0
32.0,C16,82632,3,3,999000,2,1,0,7,1
27.0,C17,57667,1,1,308510,1,0,0,8,1
27.0,C10,79461,3,3,0,1,0,0,3,1
43.0,C25,118215,4,4,39090190,2,1,0,7,0
33.0,C1,76536,3,3,5950210,2,0,0,5,0
29.0,C10,31052,1,1,3208020,2,0,0,12,1
44.0,C3,85450,2,2,22269520,2,0,0,1,1
38.0,C20,113807,3,3,0,1,0,0,6,1
29.0,C11,103494,1,3,13697710,1,0,0,4,1
29.0,C8,62931,1,2,13234050,3,1,0,5,0
40.0,C20,130781,3,3,0,1,0,0,10,1
35.0,C27,70677,3,3,0,1,0,0,7,1
31.0,C4,58323,1,1,1473770,1,0,0,5,1
39.0,C19,97116,3,3,517690,1,0,0,11,1
31.0,C13,135436,5,5,0,1,0,0,8,1
32.0,C18,110299,3,3,7091010,4,1,0,2,0
29.0,C18,31182,1,1,0,1,0,0,12,0
34.0,C5,83615,3,3,1742320,3,1,0,8,0
29.0,C12,69388,1,2,36389370,4,0,0,1,0
35.0,C13,81352,3,3,3050100,1,0,0,11,1
41.0,C4,34780,2,2,0,1,0,0,12,0
44.0,C1,63352,1,3,34913070,3,1,1,11,0
27.0,C15,67490,1,3,23542730,4,1,0,4,0
34.0,C19,101880,3,3,5003700,3,1,0,5,0
37.0,C9,37839,2,2,1724200,1,0,0,11,1
33.0,C17,42243,1,1,11318750,1,0,0,7,0
32.0,C1,36430,2,2,0,1,0,0,9,1
29.0,C20,19456,1,1,211440,1,0,0,8,1
30.0,C18,51497,1,1,2330430,1,0,0,1,1
39.0,C22,44720,2,2,1296780,2,1,0,5,1
33.0,C28,40531,2,2,0,1,0,0,9,1
35.0,C2,19290,1,1,228920,1,0,0,9,1
23.0,C6,13937,1,1,0,1,0,0,12,0
35.0,C22,88414,3,3,5958340,1,0,0,10,0
38.0,C12,110490,4,4,1450000,1,0,0,8,1
27.0,C15,81944,1,1,665120,1,0,0,10,1
40.0,C19,24752,3,3,388710,1,0,0,8,0
26.0,C8,41980,2,2,0,1,0,0,5,1
30.0,C20,108768,1,3,382150,2,1,0,6,1
37.0,C3,46131,1,1,1187640,2,1,0,6,0
34.0,C13,84637,3,3,0,1,0,0,9,1
36.0,C10,73273,2,2,0,1,0,0,1,0
27.0,C20,43322,1,1,1520540,1,0,0,1,1
30.0,C11,62042,2,2,0,1,0,0,10,1
32.0,C17,58943,1,2,6576490,2,0,0,11,1
31.0,C20,50210,3,3,0,1,0,0,11,0
27.0,C22,105510,3,3,0,1,0,0,11,0
43.0,C23,56243,2,2,2041340,2,1,0,5,0
35.0,C16,59656,2,2,23441990,4,0,0,10,0
29.0,C29,44820,2,2,0,1,0,0,10,0
36.0,C8,25894,3,3,0,1,0,0,12,0
29.0,C4,57476,3,3,488410,1,0,0,5,1
35.0,C27,63181,1,3,4220370,1,0,0,7,1
34.0,C15,54288,2,2,3721270,1,0,0,8,1
42.0,C26,87182,3,3,0,1,0,0,12,1
23.0,C10,69449,2,2,0,1,0,0,6,1
35.0,C27,35024,1,2,8862230,2,0,0,4,0
32.0,C5,22913,1,1,0,1,0,0,11,0
37.0,C26,18285,1,1,386590,1,0,0,11,1
47.0,C8,123216,1,4,34007130,2,0,0,11,0
31.0,C8,28308,1,1,8598800,3,1,0,7,0
39.0,C2,85693,1,3,3880190,1,0,0,5,1
24.0,C26,87853,1,1,8595450,2,0,0,4,1
36.0,C11,107149,3,3,0,1,0,0,11,0
26.0,C26,18544,2,2,1750310,1,0,0,7,0
36.0,C5,45071,2,2,0,1,0,0,7,1
30.0,C29,75986,3,3,17467630,4,1,0,7,0
30.0,C29,51600,2,2,0,1,0,0,10,1
37.0,C8,63587,2,2,1818860,2,1,0,6,1
30.0,C22,70816,2,2,1445280,1,0,0,11,1
31.0,C9,38990,2,2,1923530,1,0,0,6,1
35.0,C23,23182,1,1,0,1,0,0,4,1
41.0,C23,82503,3,3,712590,1,0,0,12,1
36.0,C29,42314,2,2,3360700,3,1,0,6,0
49.0,C3,76195,1,2,6521890,1,0,0,12,1
41.0,C17,100303,3,3,0,1,0,0,4,1
31.0,C26,54209,2,2,2431500,2,0,0,7,0
35.0,C26,75467,3,3,2007550,1,0,0,8,1
40.0,C22,72265,2,3,36806180,4,1,1,11,0
31.0,C12,40253,2,2,5522460,1,0,0,11,1
36.0,C4,84961,2,3,38028190,4,1,0,10,0
32.0,C19,48639,2,2,0,1,0,0,12,1
26.0,C7,92670,3,3,127800,1,0,0,10,0
33.0,C21,60252,2,2,4315560,1,0,0,5,1
32.0,C26,50434,2,2,5353970,1,0,0,11,1
33.0,C24,29689,1,1,1193450,1,0,0,8,1
37.0,C27,34849,2,2,0,1,0,0,8,1
34.0,C21,30951,2,2,456480,1,0,0,12,1
36.0,C6,49614,2,2,618510,1,0,0,6,1
39.0,C29,62810,3,3,927300,2,1,0,8,0
29.0,C20,63080,3,3,0,1,0,0,12,0
27.0,C11,62232,1,1,0,1,0,0,4,1
30.0,C23,46600,2,2,4081830,1,0,0,11,1
24.0,C16,17676,1,1,1542500,1,0,0,1,1
40.0,C8,78647,3,3,2567880,1,0,0,6,0
32.0,C25,81547,3,3,0,1,0,0,10,1
33.0,C15,49914,3,3,0,1,0,0,5,1
25.0,C17,45531,2,2,153540,1,0,0,12,0
30.0,C26,66017,2,2,1005120,1,0,0,10,1
31.0,C15,42395,1,1,0,1,0,0,10,1
33.0,C27,31787,2,2,0,1,0,0,3,1
30.0,C16,56133,1,1,0,1,0,0,11,0
41.0,C8,55115,2,2,0,1,0,0,12,0
32.0,C22,26850,2,2,820140,1,0,0,8,1
41.0,C15,114358,2,4,34495110,2,0,0,11,0
39.0,C14,59166,1,1,9000520,1,0,0,5,1
29.0,C12,113120,1,3,3435990,1,0,0,8,1
31.0,C23,42601,1,1,0,1,0,0,7,1
40.0,C9,32446,1,1,0,1,0,0,12,0
36.0,C6,64187,3,3,0,1,0,0,12,0
28.0,C24,70740,1,2,931110,1,0,0,5,1
33.0,C28,67113,2,2,388440,1,0,0,12,1
34.0,C21,63298,3,3,4702900,2,1,0,1,0
38.0,C15,55313,3,3,523440,1,0,0,6,1
27.0,C3,80746,1,2,2966980,1,0,0,7,1
32.0,C2,42588,1,1,543220,2,1,0,7,1
42.0,C16,58747,1,1,15440080,4,0,0,6,0
36.0,C20,83969,3,3,0,1,0,0,12,0
29.0,C26,66179,2,2,5377060,1,0,0,12,0
41.0,C29,63636,2,2,2452190,1,0,0,1,1
41.0,C11,52632,1,1,101070,1,0,0,10,1
47.0,C16,53383,2,2,485450,1,0,0,8,1
40.0,C8,88813,1,4,17134040,2,1,0,7,0
33.0,C20,58199,2,2,0,1,0,0,8,1
37.0,C18,121419,1,4,28562340,2,0,0,7,1
30.0,C15,56035,1,2,13627070,1,0,0,2,1
31.0,C26,21212,1,1,150160,1,0,0,8,1
46.0,C28,22019,2,2,1453360,2,1,0,5,1
30.0,C12,40409,2,2,0,1,0,0,9,1
28.0,C28,45871,2,2,3791340,1,0,0,2,0
33.0,C20,77903,3,3,1835070,3,1,0,7,1
36.0,C1,113038,2,4,6883410,1,0,0,6,1
34.0,C13,39131,1,1,101850,1,0,0,11,1
23.0,C21,70731,2,2,0,1,0,0,4,1
33.0,C13,29584,2,2,0,1,0,0,8,1
35.0,C17,83524,2,2,0,1,0,0,5,1
37.0,C22,87661,1,3,8687010,1,0,0,4,1
37.0,C21,75541,2,2,504150,1,0,0,5,1
23.0,C17,26151,1,1,1121790,1,0,0,1,1
38.0,C20,45269,1,1,378640,1,0,0,7,1
32.0,C29,40295,1,1,126010,1,0,0,8,1
36.0,C27,91602,2,4,0,1,0,0,6,1
30.0,C10,122941,3,3,3150620,2,1,0,6,0
47.0,C2,29151,1,1,763920,1,0,0,2,1
30.0,C1,35803,2,2,3357550,4,0,0,9,0
24.0,C28,34497,2,2,-645150,1,0,0,12,1
37.0,C8,28575,1,1,487460,1,0,0,12,1
37.0,C29,93000,1,3,15298690,3,1,0,7,0
37.0,C27,52753,2,2,0,1,0,0,1,1
32.0,C28,19791,1,1,0,1,0,0,10,1
33.0,C28,134302,1,4,32819830,3,1,0,3,1
37.0,C24,75133,3,3,0,1,0,0,4,1
36.0,C4,93822,3,3,0,1,0,0,8,0
22.0,C25,39442,1,2,2778590,1,0,0,7,1
32.0,C21,94770,2,2,0,1,0,0,8,1
38.0,C8,55443,1,2,2586520,1,0,0,7,1
32.0,C16,61069,2,2,1903080,2,0,0,6,1
31.0,C13,94945,2,4,1353210,1,0,0,10,1
32.0,C27,50863,1,1,100240,1,0,0,10,1
39.0,C21,44241,2,2,251150,1,0,0,10,0
36.0,C2,31954,1,1,0,1,0,0,9,1
25.0,C14,23745,1,1,3201180,1,0,0,11,1
31.0,C1,57266,1,2,20976830,4,0,1,6,0
32.0,C28,47988,3,3,1100030,1,0,0,6,0
34.0,C5,43463,1,1,5995150,3,1,0,7,1
35.0,C3,51725,2,2,6967160,3,0,0,9,1
50.0,C10,73308,1,2,17369610,2,0,0,5,0
37.0,C28,45342,3,3,0,1,0,0,1,1
31.0,C14,34868,1,1,271120,1,0,0,9,1
32.0,C18,22680,1,1,362330,1,0,0,8,1
51.0,C4,38502,1,1,4128080,1,0,0,10,1
29.0,C20,28565,1,1,307100,1,0,0,6,1
32.0,C8,41382,2,2,1355620,1,0,0,11,1
28.0,C28,55857,2,2,0,1,0,0,9,0
41.0,C26,101179,3,3,17866060,1,0,0,6,0
31.0,C1,43831,2,2,0,1,0,0,7,1
36.0,C18,108997,3,3,10697010,3,1,0,8,0
36.0,C20,39104,1,1,0,1,0,0,8,1
47.0,C4,33883,1,2,10493340,2,0,0,10,1
49.0,C19,58807,2,2,740200,1,0,0,7,1
36.0,C2,44326,1,1,3821920,1,0,0,9,1
38.0,C8,65995,3,3,0,1,0,0,12,1
30.0,C26,72974,3,3,0,1,0,0,12,0
26.0,C5,45234,1,1,0,1,0,0,9,1
46.0,C2,18512,1,1,2115160,2,0,0,1,1
25.0,C15,30136,1,1,0,1,0,0,9,1
25.0,C22,60391,1,1,1066070,1,0,0,5,1
25.0,C4,20379,1,1,0,1,0,0,8,1
28.0,C13,39854,2,2,0,1,0,0,8,1
30.0,C1,46117,2,2,0,1,0,0,10,0
34.0,C11,55630,2,2,0,1,0,0,11,1
34.0,C25,47484,1,1,303580,1,0,0,10,1
31.0,C29,70339,2,2,0,1,0,0,1,1
25.0,C24,60056,2,2,3958550,2,1,0,5,1
49.0,C4,21646,1,2,13197400,2,0,0,1,0
29.0,C29,61371,1,1,1130280,1,0,0,5,1
33.0,C2,67236,3,3,0,1,0,0,1,1
31.0,C4,20245,2,2,0,1,0,0,7,1
37.0,C7,37285,1,1,-101180,1,0,0,10,1
29.0,C12,59393,3,3,5512220,3,1,0,11,1
36.0,C19,75765,3,3,12072740,4,1,0,11,0
39.0,C20,23823,1,1,12941580,1,0,0,10,1
27.0,C3,42607,1,1,452140,1,0,0,9,0
32.0,C13,36846,1,2,522630,1,0,0,5,1
34.0,C4,70330,3,3,1098190,1,0,0,3,1
45.0,C22,87153,1,4,6333350,1,0,0,7,1
23.0,C22,69972,1,1,423240,2,1,0,5,1
36.0,C14,100893,3,3,523320,1,0,0,5,1
29.0,C28,40688,2,2,0,1,0,0,2,1
53.0,C22,24923,1,1,23230860,4,0,0,9,0
36.0,C20,93093,1,3,2084090,1,0,0,7,1
40.0,C3,83025,2,3,25943780,2,0,0,5,0
44.0,C22,58803,1,2,18653790,3,0,0,4,0
30.0,C6,74402,3,3,983740,1,0,0,4,1
35.0,C12,24634,1,1,0,1,0,0,1,1
25.0,C24,31392,1,1,0,1,0,0,5,1
41.0,C13,70478,3,3,0,1,0,0,10,1
37.0,C18,27483,1,1,200020,2,0,0,11,0
26.0,C13,17253,1,1,0,1,0,0,6,1
31.0,C13,43996,1,2,25951520,3,0,0,8,0
33.0,C10,99893,3,3,0,1,0,0,3,1
30.0,C22,29492,2,2,6383030,4,1,0,10,0
35.0,C22,50799,2,2,320760,1,0,0,6,1
34.0,C17,85685,3,3,1147200,2,1,0,7,0
39.0,C3,107936,3,3,4933750,3,1,0,6,0
42.0,C26,35996,1,1,0,1,0,0,12,1
37.0,C9,45278,1,1,0,1,0,0,12,1
40.0,C16,48483,1,1,0,1,0,0,10,0
31.0,C8,46679,2,2,0,1,0,0,7,1
42.0,C20,74516,1,2,3676150,1,0,0,5,1
45.0,C11,59526,2,2,0,1,0,0,10,1
26.0,C4,20785,1,1,636910,1,0,0,9,1
38.0,C4,83350,3,3,0,1,0,0,9,1
26.0,C29,61982,3,3,201820,1,0,0,11,1
52.0,C1,47194,1,2,1978160,1,0,0,1,1
47.0,C22,90484,1,3,22388420,3,0,0,7,0
23.0,C8,30461,1,1,2537350,1,0,0,8,1
38.0,C7,33721,1,1,347470,1,0,0,9,1
31.0,C16,28297,1,1,13942630,1,0,0,10,1
32.0,C12,60185,2,2,1109860,1,0,0,1,1
28.0,C23,41620,1,1,2300090,2,1,0,7,1
36.0,C27,49277,2,2,0,1,0,0,9,1
40.0,C14,72118,3,3,1118270,1,0,0,6,0
31.0,C12,60672,3,3,309120,1,0,0,7,0
29.0,C22,53058,1,2,15626920,1,0,0,5,1
28.0,C25,49031,1,1,1267940,1,0,0,12,1
35.0,C10,60797,3,3,0,1,0,0,8,0
43.0,C17,119806,1,4,30755460,2,0,0,12,0
31.0,C23,61823,2,2,16187110,3,0,0,1,0
46.0,C7,52083,1,1,4961340,2,1,0,7,0
32.0,C20,39502,2,2,1539590,1,0,0,12,1
31.0,C17,69418,1,3,1272730,1,0,0,5,1
37.0,C6,46134,1,1,213560,1,0,0,5,1
28.0,C14,40654,2,2,1933470,1,0,0,10,1
32.0,C19,37617,1,1,1033030,1,0,0,6,1
23.0,C20,36811,2,2,1908000,2,1,0,5,0
28.0,C3,56016,1,1,0,1,0,0,11,1
38.0,C25,127070,2,3,1646640,1,0,0,1,1
29.0,C3,58277,1,1,194320,1,0,0,12,1
28.0,C18,11706,1,1,570460,1,0,0,8,1
31.0,C14,58588,2,2,424460,1,0,0,11,1
30.0,C8,58540,1,1,0,1,0,0,8,1
31.0,C20,87810,2,2,675360,1,0,0,5,1
23.0,C27,33831,1,1,0,1,0,0,11,1
41.0,C19,65464,3,3,1643990,1,0,0,8,1
34.0,C27,120188,1,4,41669570,1,0,0,9,1
31.0,C12,76776,2,2,555150,1,0,0,7,1
39.0,C8,50281,3,3,0,1,0,0,6,1
29.0,C14,30930,1,1,8706130,3,1,0,8,0
26.0,C2,60396,3,3,883390,2,0,0,9,0
32.0,C9,87047,3,3,181670,1,0,0,8,0
47.0,C12,82704,1,2,1438860,2,1,0,10,1
41.0,C14,57869,2,2,2398470,1,0,0,9,1
32.0,C19,32652,2,2,0,1,0,0,9,0
38.0,C24,22245,3,3,400000,2,1,0,7,1
38.0,C29,25106,1,1,0,1,0,0,6,1
27.0,C26,79926,3,3,1477210,1,0,0,12,1
27.0,C19,24582,1,1,0,1,0,0,5,1
27.0,C4,48868,1,1,0,1,0,0,11,0
25.0,C19,27607,1,1,0,1,0,0,8,1
26.0,C15,63844,2,2,0,1,0,0,6,1
24.0,C17,20363,1,1,0,1,0,0,12,0
28.0,C2,20101,1,1,0,1,0,0,9,1
45.0,C7,68434,2,3,24743820,2,0,1,11,0
30.0,C7,17000,1,1,1121670,2,1,0,7,0
28.0,C12,41705,1,1,3250190,1,0,0,11,1
38.0,C7,51680,2,2,9611290,4,1,0,8,1
39.0,C17,32263,3,3,0,1,0,0,4,1
37.0,C10,135414,1,4,37135780,2,0,0,4,0
31.0,C4,21543,3,3,204150,1,0,0,11,1
45.0,C26,138069,2,4,26646720,2,1,0,7,0
32.0,C11,62748,2,2,0,1,0,0,9,1
38.0,C18,49443,3,3,244200,1,0,0,6,1
34.0,C12,93121,2,3,18248240,2,0,0,5,0
34.0,C2,76198,2,3,10479300,3,0,0,10,1
37.0,C1,52668,2,2,0,1,0,0,7,1
28.0,C26,37278,1,1,9828090,1,0,0,5,1
32.0,C28,35462,1,2,14899610,3,0,1,1,0
34.0,C5,77483,1,2,14676410,3,1,0,4,0
37.0,C2,92940,3,3,989800,1,0,0,8,0
33.0,C6,70772,2,2,250000,1,0,0,5,1
32.0,C5,92713,2,2,4931940,4,1,0,9,0
33.0,C29,52553,3,3,12132870,4,1,0,11,0
37.0,C7,47696,2,2,754590,1,0,0,12,1
28.0,C2,45330,1,1,219800,1,0,0,7,1
32.0,C29,80290,2,2,0,1,0,0,8,1
27.0,C10,24932,1,1,0,1,0,0,12,1
29.0,C5,69071,2,2,0,1,0,0,3,1
37.0,C20,82503,3,3,5029620,1,0,0,11,1
34.0,C27,104966,3,3,0,1,0,0,7,1
46.0,C4,76467,2,3,3328230,1,0,0,9,1
29.0,C29,26253,1,1,317440,1,0,0,9,0
41.0,C6,68596,1,3,1995410,1,0,0,4,1
36.0,C6,55834,2,2,1044180,1,0,0,12,1
33.0,C8,101638,3,3,872600,2,1,0,6,0
28.0,C16,55648,1,1,8494310,1,0,0,11,1
26.0,C20,67149,1,1,2174480,4,1,0,7,0
40.0,C14,52480,2,2,0,1,0,0,7,1
29.0,C13,51837,1,1,1305290,1,0,0,11,1
26.0,C3,42768,1,1,14298980,2,0,0,5,0
38.0,C25,31540,3,3,1678910,1,0,0,5,0
40.0,C20,84873,3,3,150660,1,0,0,6,1
36.0,C9,47594,1,1,0,1,0,0,10,1
24.0,C5,55551,1,1,-96960,1,0,0,5,1
35.0,C27,35079,2,2,434400,1,0,0,4,1
26.0,C28,60417,1,1,0,1,0,0,10,1
30.0,C1,49521,1,1,705030,1,0,0,1,1
35.0,C3,62637,2,2,2155780,1,0,0,10,1
35.0,C25,94519,2,2,0,1,0,0,8,1
35.0,C3,89854,3,3,2553260,3,1,0,7,0
37.0,C11,60905,1,1,0,1,0,0,4,1
39.0,C13,96750,2,4,50382490,2,0,0,6,0
31.0,C22,45720,1,1,6600380,1,0,0,1,1
31.0,C16,36118,1,1,10885280,2,0,0,2,1
37.0,C1,77831,1,3,18472930,2,0,0,7,0
41.0,C8,56347,2,2,1175250,1,0,0,8,1
24.0,C20,30442,1,1,950370,1,0,0,5,1
26.0,C14,73363,2,2,0,1,0,0,5,1
35.0,C5,69794,2,2,2280790,4,1,0,7,0
40.0,C10,41591,3,3,1016780,1,0,0,5,1
32.0,C3,61413,2,2,1769360,2,0,0,8,0
33.0,C25,26592,1,1,1897250,1,0,0,9,1
31.0,C7,73245,3,3,0,1,0,0,7,1
26.0,C1,40318,1,1,0,1,0,0,8,1
32.0,C7,73594,3,3,9271700,4,1,0,6,1
42.0,C6,59168,1,1,1259100,2,0,0,6,1
37.0,C21,49193,1,2,17132800,3,0,0,1,0
39.0,C20,65633,3,3,0,1,0,0,11,0
32.0,C15,47188,1,1,772720,1,0,0,10,1
37.0,C27,88798,1,3,20284600,3,1,0,12,0
26.0,C18,41167,1,1,0,1,0,0,12,1
40.0,C28,153109,3,4,41660820,1,0,0,6,0
38.0,C13,27432,1,1,1615970,1,0,0,9,1
36.0,C9,50769,1,1,903470,1,0,0,10,1
34.0,C9,85781,3,3,1765870,2,1,0,8,0
31.0,C16,64444,2,2,0,1,0,0,9,0
35.0,C17,89585,2,2,1460340,2,1,0,7,0
34.0,C26,52990,2,2,276220,1,0,0,8,1
29.0,C7,49410,2,2,14970770,4,0,0,7,0
29.0,C21,41581,1,1,19409190,4,1,0,11,0
30.0,C18,80591,3,3,0,1,0,0,10,1
43.0,C20,55112,1,2,8684000,1,0,0,4,1
34.0,C18,71977,3,3,977970,2,0,0,9,0
38.0,C25,43747,2,2,0,1,0,0,4,1
33.0,C6,73087,1,2,9474670,2,0,0,6,1
27.0,C4,46464,1,1,0,1,0,0,10,1
24.0,C19,68309,1,2,605860,1,0,0,5,1
32.0,C27,44062,1,1,479380,1,0,0,2,1
34.0,C19,112066,3,3,2785800,1,0,0,8,1
35.0,C17,50118,2,2,0,1,0,0,11,1
33.0,C21,102175,3,3,1023820,2,1,0,8,1
31.0,C24,81440,3,3,0,1,0,0,5,1
35.0,C25,49939,1,1,11622640,2,1,0,11,0
25.0,C29,46856,1,1,0,1,0,0,8,1
37.0,C8,61133,3,3,249160,1,0,0,9,1
32.0,C29,30860,1,2,3605360,1,0,0,5,1
34.0,C4,69412,2,2,5222230,3,1,0,5,0
31.0,C20,60118,2,2,0,1,0,0,11,0
34.0,C26,27548,2,2,150010,1,0,0,1,1
37.0,C29,69789,2,4,25672950,2,1,0,10,0
35.0,C28,82078,3,3,4048630,2,0,0,3,0
35.0,C1,38572,2,2,1119590,1,0,0,3,1
33.0,C8,103994,4,4,140880,1,0,0,8,1
34.0,C23,17607,2,2,134760,1,0,0,1,1
34.0,C9,108284,3,3,0,1,0,0,11,0
33.0,C12,30106,1,1,104650,1,0,0,11,1
25.0,C16,51796,1,1,415800,1,0,0,11,1
31.0,C27,46239,1,1,443750,1,0,0,9,1
31.0,C3,57356,1,1,0,1,0,0,12,0
33.0,C24,62905,3,3,2356380,1,0,0,8,1
34.0,C10,50547,3,3,700160,2,1,0,8,0
28.0,C7,12779,1,1,0,1,0,0,2,1
30.0,C12,67371,1,3,23381570,1,0,1,2,0
36.0,C21,114416,3,3,0,1,0,0,12,0
24.0,C8,22962,1,1,457120,1,0,0,9,1
34.0,C7,32376,1,1,9214510,2,0,0,8,1
39.0,C16,98374,1,3,29252710,4,0,1,10,0
35.0,C10,18378,1,1,0,1,0,0,8,1
29.0,C23,22895,1,2,2096510,1,0,0,8,1
33.0,C21,95188,3,3,1009070,2,1,0,7,0
28.0,C9,76076,2,2,2675260,1,0,0,12,1
41.0,C22,26301,1,1,6584010,1,0,0,5,0
42.0,C27,52588,1,1,3704100,2,0,0,12,1
26.0,C27,23094,1,1,9893760,4,1,0,11,0
42.0,C16,71974,3,3,1497710,1,0,0,3,0
52.0,C18,78200,1,3,17287180,2,0,0,1,0
33.0,C16,66416,2,2,0,1,0,0,6,1
34.0,C22,122554,1,4,53807450,2,0,0,11,0
38.0,C24,75499,3,3,0,1,0,0,6,1
35.0,C12,99876,3,3,0,1,0,0,1,1
27.0,C24,39328,1,1,2646940,2,0,0,2,1
30.0,C27,64699,2,3,0,1,0,0,2,1
30.0,C8,109986,3,3,900420,1,0,0,7,1
33.0,C8,101005,2,4,31372160,1,0,0,5,0
26.0,C19,15970,1,1,0,1,0,0,4,1
28.0,C1,61991,2,2,1303920,3,0,0,10,0
37.0,C7,118722,1,4,35362450,2,0,0,6,0
24.0,C5,21234,1,1,0,1,0,0,7,1
29.0,C28,50022,2,2,521860,1,0,0,11,1
24.0,C15,61727,2,2,0,1,0,0,12,0
33.0,C27,55949,2,2,0,1,0,0,12,0
26.0,C23,46789,2,2,144060,1,0,0,11,1
22.0,C6,26083,1,1,600000,2,1,0,6,1
32.0,C4,70899,2,2,1613740,3,1,0,8,0
25.0,C28,19245,1,1,0,1,0,0,9,0
38.0,C20,107178,3,3,2949270,1,0,0,5,0
42.0,C22,43305,2,2,0,1,0,0,11,0
30.0,C10,75735,2,2,564380,1,0,0,6,1
28.0,C22,51433,2,2,0,1,0,0,8,1
37.0,C18,40035,1,1,7267150,1,0,0,5,1
28.0,C14,95465,2,2,18340790,3,0,0,7,1
42.0,C15,72584,2,3,15938480,3,1,1,6,0
28.0,C24,56498,2,2,0,1,0,0,4,1
30.0,C10,36558,1,1,0,1,0,0,1,1
35.0,C21,62599,3,3,0,1,0,0,11,0
37.0,C25,59653,2,2,0,1,0,0,12,0
27.0,C1,48097,3,3,0,1,0,0,6,1
27.0,C9,47419,1,2,7414770,1,0,0,5,1
49.0,C7,54491,1,1,15537200,3,0,0,9,0
38.0,C20,55698,2,2,1226380,3,1,0,8,0
26.0,C28,18088,1,1,0,1,0,0,5,1
30.0,C1,37992,1,1,1816480,1,0,0,8,1
38.0,C5,48409,1,1,0,1,0,0,8,1
28.0,C12,37630,2,2,0,1,0,0,10,1
22.0,C20,30295,1,1,0,1,0,0,10,1
37.0,C29,90851,3,3,0,1,0,0,11,1
33.0,C20,87845,2,2,9263440,3,1,0,7,0
28.0,C14,54527,2,2,0,1,0,0,1,1
33.0,C28,78442,3,3,4358500,3,1,0,9,0
30.0,C11,42262,1,1,12662250,3,1,0,4,0
32.0,C7,12456,1,1,643150,1,0,0,5,1
33.0,C12,71748,2,2,0,1,0,0,11,0
32.0,C9,45575,1,1,3087440,1,0,0,9,1
36.0,C17,115006,1,4,43100100,1,0,0,12,1
35.0,C8,92594,3,3,2855230,2,1,0,5,0
44.0,C7,82540,3,3,797200,1,0,0,7,0
30.0,C27,133978,2,4,14593130,2,0,0,5,1
32.0,C5,42565,2,2,3980440,1,0,0,6,1
38.0,C28,21755,1,1,12219890,3,0,0,6,0
34.0,C3,50372,1,1,262200,1,0,0,12,1
42.0,C10,94965,1,2,4026360,1,0,0,11,1
29.0,C12,106983,2,4,57159050,4,1,0,11,0
24.0,C3,50554,1,1,1884180,1,0,0,3,1
43.0,C24,67971,3,3,452050,1,0,0,2,1
40.0,C27,81975,1,3,25133230,4,1,0,7,0
36.0,C10,15291,2,2,751330,1,0,0,5,1
32.0,C20,43975,2,2,163200,1,0,0,7,1
31.0,C11,44069,1,1,806000,1,0,0,11,1
32.0,C29,19217,1,1,3245370,1,0,0,12,1
35.0,C27,39499,1,1,0,1,0,0,7,1
23.0,C5,37143,1,2,27355810,2,0,1,1,0
40.0,C14,55519,1,1,4154190,1,0,0,5,1
38.0,C25,130277,3,3,988020,1,0,0,7,1
24.0,C6,47117,2,2,500420,1,0,0,5,1
41.0,C2,84791,3,3,0,1,0,0,4,1
29.0,C23,98630,2,2,62000,1,0,0,7,1
39.0,C21,72550,1,2,20792700,3,0,0,5,0
31.0,C17,15520,1,1,0,1,0,0,12,1
29.0,C17,73103,2,2,1452130,1,0,0,11,1
31.0,C20,66074,2,2,0,1,0,0,6,1
38.0,C16,62041,2,2,29562230,3,1,0,12,0
27.0,C19,77369,1,3,1445310,1,0,0,4,1
35.0,C7,60358,1,2,10702790,3,1,0,6,0
30.0,C19,35658,1,1,7440160,2,1,0,10,0
38.0,C26,66569,2,2,783480,2,1,0,9,0
37.0,C2,98306,1,2,9411200,2,0,0,4,1
39.0,C12,108122,5,5,34630160,2,1,0,8,0
32.0,C20,38456,2,2,0,1,0,0,7,1
32.0,C11,72186,2,2,0,1,0,0,12,0
54.0,C15,145861,1,4,50986970,2,0,1,6,0
30.0,C18,10883,1,1,0,1,0,0,9,1
37.0,C22,42785,1,1,1401640,1,0,0,10,0
32.0,C22,53471,2,2,438620,1,0,0,5,1
31.0,C5,78444,3,3,0,1,0,0,4,1
24.0,C3,34521,1,1,250000,1,0,0,10,1
41.0,C20,100150,3,3,1368420,1,0,0,10,1
29.0,C10,65870,3,3,272220,1,0,0,8,1
28.0,C7,50693,2,2,6357950,1,0,0,7,0
28.0,C2,53931,1,1,5026280,4,1,0,11,0
31.0,C12,55419,2,2,2404630,1,0,0,10,1
35.0,C15,81271,3,3,722870,2,0,0,10,0
26.0,C7,52789,1,1,1227460,1,0,0,5,1
34.0,C20,94237,3,3,0,1,0,0,10,1
37.0,C1,39644,1,1,7686550,2,0,0,5,1
37.0,C24,27467,1,1,5565420,3,1,0,8,0
23.0,C20,89580,3,3,262990,1,0,0,9,0
31.0,C23,51643,1,2,-14310,1,0,0,4,1
26.0,C19,50803,1,1,220840,1,0,0,6,1
38.0,C20,18106,1,1,428080,1,0,0,12,1
36.0,C28,72219,2,2,4359960,1,0,0,7,1
35.0,C19,39823,1,1,350000,1,0,0,11,1
33.0,C7,74620,2,2,2649220,1,0,0,7,1
33.0,C26,78813,2,2,350000,1,0,0,10,1
27.0,C21,32574,1,1,351360,1,0,0,7,1
25.0,C24,21150,1,1,632420,1,0,0,10,1
35.0,C15,26928,1,1,1805810,1,0,0,5,1
35.0,C17,55638,3,3,0,1,0,0,5,1
36.0,C29,58027,3,3,0,1,0,0,9,1
34.0,C11,70921,3,3,2498800,1,0,0,4,1
21.0,C6,22115,1,1,579740,1,0,0,5,1
28.0,C13,36070,1,1,0,1,0,0,5,1
34.0,C6,66225,2,2,2748590,1,0,0,4,1
34.0,C28,75773,2,3,37833950,3,0,1,10,0
29.0,C8,111414,3,3,0,1,0,0,8,1
40.0,C5,25178,1,1,2836200,1,0,0,1,1
36.0,C22,67498,2,2,1264800,1,0,0,1,1
34.0,C20,76396,2,2,500880,1,0,0,5,1
28.0,C2,48963,2,2,250040,1,0,0,9,0
44.0,C6,67140,1,1,1752360,1,0,0,8,1
38.0,C22,57190,3,3,0,1,0,0,11,0
34.0,C25,69401,3,3,500860,1,0,0,9,0
28.0,C20,41463,1,1,1282690,1,0,0,10,1
40.0,C29,37413,1,2,33998640,4,1,1,6,0
26.0,C4,39790,1,1,0,1,0,0,11,0
31.0,C29,70088,1,1,0,1,0,0,9,1
46.0,C3,116163,1,4,12476730,1,0,0,7,1
39.0,C7,17493,1,1,478360,1,0,0,9,1
34.0,C11,43026,2,2,0,1,0,0,9,1
40.0,C19,107712,4,4,24857720,4,1,0,7,0
34.0,C18,157124,2,3,23471030,3,0,0,8,0
28.0,C29,76525,3,3,0,1,0,0,5,1
50.0,C10,55465,2,3,2591670,1,0,0,7,1
33.0,C28,33154,3,3,680590,1,0,0,2,1
30.0,C5,24291,1,1,0,1,0,0,10,0
32.0,C15,70038,2,2,100190,1,0,0,11,1
35.0,C21,53117,3,3,832510,2,1,0,7,0
32.0,C20,31057,2,2,807040,1,0,0,11,1
36.0,C26,75417,2,3,8137390,1,0,0,10,1
29.0,C29,15186,2,2,432940,1,0,0,7,0
31.0,C25,54901,2,2,0,1,0,0,5,1
36.0,C25,58052,2,2,551530,1,0,0,6,1
33.0,C4,67126,1,3,4877210,1,0,0,8,1
39.0,C15,43705,2,2,0,1,0,0,6,1
27.0,C8,74837,2,2,0,1,0,0,11,0
33.0,C15,99415,2,2,191040,1,0,0,8,1
44.0,C12,49049,2,2,749150,1,0,0,6,1
34.0,C20,54212,2,3,11686450,1,0,0,10,1
31.0,C11,29306,2,2,1638630,1,0,0,8,1
39.0,C29,105400,3,3,0,1,0,0,1,1
32.0,C22,44463,2,2,0,1,0,0,12,0
31.0,C1,52007,2,2,0,1,0,0,7,1
32.0,C20,107592,4,4,3068720,1,0,0,11,1
40.0,C17,26796,1,1,566200,1,0,0,11,1
29.0,C20,72843,2,2,0,1,0,0,9,1
45.0,C19,32736,2,3,12628580,1,0,0,7,1
43.0,C12,87325,3,3,566440,1,0,0,4,1
30.0,C18,25483,1,1,1525920,1,0,0,5,1
39.0,C22,17496,2,2,0,1,0,0,9,1
29.0,C10,54231,1,1,1601650,1,0,0,1,1
37.0,C22,66350,1,1,12707450,1,0,0,5,0
27.0,C26,28447,1,1,17620700,2,0,0,6,1
31.0,C21,37695,1,1,2397340,4,1,0,7,0
34.0,C26,47651,2,2,363000,1,0,0,6,1
34.0,C5,88121,1,2,23297720,1,0,0,6,0
48.0,C1,44722,1,1,1081690,1,0,0,9,1
23.0,C23,44907,1,1,0,1,0,0,7,1
28.0,C28,52711,2,2,501960,1,0,0,7,1
29.0,C1,68975,2,2,0,1,0,0,11,0
28.0,C17,77197,2,2,2973920,1,0,0,10,1
41.0,C9,82617,3,3,351230,1,0,0,10,0
33.0,C16,68259,3,3,9207200,2,1,0,7,0
28.0,C19,88777,2,2,0,1,0,0,8,1
34.0,C20,38059,1,1,5075440,2,0,0,10,1
31.0,C23,74265,3,3,0,1,0,0,4,1
27.0,C26,25458,1,1,1164500,1,0,0,6,1
35.0,C15,51930,2,2,200000,1,0,0,7,1
32.0,C26,44566,2,2,100880,1,0,0,12,1
51.0,C15,81150,2,3,605840,1,0,0,11,1
40.0,C13,89118,1,4,5338460,2,1,0,8,1
30.0,C3,54154,2,2,1241460,2,1,0,6,0
36.0,C25,57908,2,2,253900,1,0,0,9,1
46.0,C5,30292,1,1,0,1,0,0,8,1
31.0,C16,54821,2,2,4586180,1,0,0,5,1
37.0,C11,106794,3,3,1399000,1,0,0,7,1
32.0,C18,44160,2,2,0,1,0,0,9,1
37.0,C16,48576,2,2,1320720,2,1,0,7,0
39.0,C4,59112,2,2,0,1,0,0,3,1
32.0,C4,58073,3,3,229200,1,0,0,9,0
33.0,C6,19072,1,1,1684920,1,0,0,2,1
36.0,C1,64693,2,2,1690620,1,0,0,6,1
33.0,C12,119870,3,3,7758650,4,1,0,7,0
33.0,C28,80586,1,3,3060390,1,0,0,4,1
27.0,C26,27806,1,1,1195750,1,0,0,12,1
33.0,C5,81561,3,3,0,1,0,0,7,1
25.0,C5,44061,1,1,0,1,0,0,7,1
40.0,C8,126416,3,3,1833630,2,1,0,11,1
34.0,C12,77528,3,3,0,1,0,0,11,0
27.0,C29,29181,1,1,4514140,1,0,0,5,1
31.0,C29,47329,1,2,20941450,3,0,0,11,0
29.0,C20,20641,1,1,944190,2,1,0,11,1
32.0,C17,55374,1,1,919460,2,0,0,9,0
38.0,C20,41446,1,1,552030,1,0,0,8,1
31.0,C17,67679,1,1,1592290,1,0,0,12,1
34.0,C23,17855,1,1,503720,1,0,0,7,0
27.0,C21,62396,3,3,695650,1,0,0,6,1
31.0,C12,58946,2,2,6187090,2,0,0,8,1
31.0,C24,48369,2,2,1502540,1,0,0,8,1
26.0,C16,37613,1,1,442880,1,0,0,1,1
37.0,C1,98220,1,3,25624290,2,0,0,11,0
27.0,C2,90585,3,3,2495300,3,1,0,8,0
33.0,C7,70900,1,1,1741830,1,0,0,9,1
31.0,C6,19433,2,2,0,1,0,0,1,1
37.0,C7,52963,2,2,0,1,0,0,11,1
34.0,C26,29365,1,2,16090900,3,0,0,10,0
25.0,C16,57678,3,3,1620670,2,1,0,7,0
37.0,C21,57744,3,3,0,1,0,0,9,0
25.0,C15,19020,1,1,100920,1,0,0,1,1
25.0,C8,64128,2,2,149660,1,0,0,1,1
34.0,C3,56060,2,2,742860,1,0,0,11,0
37.0,C10,63819,3,3,966790,2,0,0,9,0
31.0,C7,49664,1,1,463890,1,0,0,1,1
28.0,C10,78906,2,2,499890,1,0,0,11,1
27.0,C13,54126,2,2,0,1,0,0,11,1
36.0,C26,48540,2,2,551680,1,0,0,10,1
29.0,C6,27216,1,1,4204270,3,0,0,11,1
39.0,C8,119932,2,4,37693910,2,0,0,2,0
45.0,C29,56478,3,3,4750660,4,1,0,6,0
36.0,C8,57087,2,2,0,1,0,0,11,0
26.0,C10,36529,1,1,0,1,0,0,11,0
30.0,C6,33246,2,2,1662660,1,0,0,12,1
25.0,C25,61502,1,1,262400,1,0,0,8,1
31.0,C24,61218,1,1,5943130,3,1,0,1,1
31.0,C20,34593,1,1,1957360,2,0,0,9,1
33.0,C3,135337,3,3,0,1,0,0,4,0
30.0,C17,55718,2,2,0,1,0,0,1,1
32.0,C9,54906,2,2,150720,1,0,0,12,1
35.0,C12,48050,3,3,0,1,0,0,7,1
28.0,C17,41971,2,2,1970870,1,0,0,9,1
34.0,C25,70994,2,2,1476320,1,0,0,9,1
46.0,C10,39841,2,2,6766950,2,0,0,9,1
27.0,C18,58278,2,2,0,1,0,0,10,0
42.0,C2,38105,1,1,8420350,2,0,0,8,1
48.0,C25,69141,1,2,19778240,3,0,0,7,1
34.0,C17,45180,3,3,100310,1,0,0,12,1
42.0,C2,45183,2,2,859940,1,0,0,1,1
31.0,C20,66779,3,3,709210,1,0,0,9,0
28.0,C9,44091,1,1,752450,2,1,0,8,1
30.0,C28,47565,1,1,13715180,2,0,0,2,1
36.0,C27,43690,1,1,1455180,1,0,0,5,1
41.0,C22,107368,2,4,18851330,1,0,0,7,1
41.0,C26,94171,3,3,0,1,0,0,7,1
27.0,C27,25207,2,2,0,1,0,0,10,1
28.0,C21,104567,3,3,26696700,4,1,0,2,0
33.0,C14,39422,2,2,150360,1,0,0,6,1
30.0,C8,110542,4,4,0,1,0,0,7,1
37.0,C5,50436,3,3,5143840,1,0,0,2,1
29.0,C25,39635,2,2,0,1,0,0,12,1
36.0,C2,16688,1,1,394850,1,0,0,1,1
38.0,C27,50211,3,3,0,1,0,0,4,1
24.0,C13,40408,1,1,485600,1,0,0,7,1
46.0,C2,101198,2,4,47124880,3,0,0,9,0
25.0,C21,46010,1,1,0,1,0,0,3,1
45.0,C15,81172,1,4,29181100,1,0,0,12,0
30.0,C26,23299,1,1,1979760,2,1,0,12,1
29.0,C8,39403,2,2,1410500,3,1,0,8,0
39.0,C21,71142,2,2,1174310,1,0,0,3,1
26.0,C20,56936,2,2,0,1,0,0,4,1
42.0,C1,130279,3,3,0,1,0,0,10,1
27.0,C19,64476,1,1,4722090,1,0,0,7,1
32.0,C18,34356,1,1,0,1,0,0,5,1
30.0,C22,97212,2,2,889800,2,1,0,6,0
28.0,C12,49570,2,2,0,1,0,0,5,1
31.0,C18,86551,3,3,127760,1,0,0,6,1
38.0,C5,73316,3,3,0,1,0,0,11,0
35.0,C21,64780,2,2,150030,1,0,0,9,1
50.0,C8,31555,2,2,17624660,3,0,0,3,0
27.0,C22,69831,3,3,1052990,2,1,0,7,0
31.0,C14,57107,1,1,0,1,0,0,8,1
39.0,C19,60780,2,2,0,1,0,0,10,1
33.0,C23,108452,2,3,8000250,1,0,0,7,1
35.0,C27,79222,2,2,10264390,1,0,0,7,1
28.0,C16,92375,1,3,12796500,3,1,0,7,0
32.0,C23,49957,2,2,1741740,1,0,0,5,1
25.0,C28,19448,1,2,3117260,1,0,0,7,1
32.0,C20,54667,3,3,640640,1,0,0,8,0
36.0,C24,84573,3,3,0,1,0,0,10,0
35.0,C12,75453,2,2,658610,2,1,0,7,1
42.0,C11,125545,1,3,4504950,1,0,0,9,1
36.0,C15,113064,3,3,300210,1,0,0,9,0
32.0,C5,64559,1,2,5839760,1,0,0,10,1
31.0,C20,31401,1,1,0,1,0,0,12,0
30.0,C6,64606,2,2,1597690,1,0,0,5,1
28.0,C2,35116,1,1,0,1,0,0,1,1
35.0,C13,44784,2,2,1439130,1,0,0,9,1
28.0,C13,61884,2,2,711920,1,0,0,8,1
34.0,C1,60087,1,1,14026730,3,0,0,12,0
31.0,C5,82042,2,2,196920,1,0,0,5,0
42.0,C25,76707,2,2,0,1,0,0,11,1
37.0,C5,20523,1,1,0,1,0,0,11,0
27.0,C20,44841,1,1,0,1,0,0,7,1
31.0,C25,46001,2,2,320450,1,0,0,1,1
37.0,C2,48555,2,2,3268160,2,1,0,9,0
32.0,C22,74305,3,3,0,1,0,0,9,1
30.0,C26,96076,3,3,3329000,1,0,0,2,1
27.0,C15,39731,1,1,0,1,0,0,7,1
32.0,C5,44949,1,2,10990300,2,0,0,4,1
40.0,C4,48956,1,1,825600,2,1,0,5,1
39.0,C6,42300,1,1,0,1,0,0,11,1
44.0,C4,31948,1,1,0,1,0,0,6,1
37.0,C13,90123,2,2,350000,1,0,0,10,1
33.0,C13,57863,2,2,803540,1,0,0,1,1
28.0,C20,35090,1,1,1893740,1,0,0,10,1
36.0,C21,95945,1,3,21660330,3,1,0,8,0
30.0,C2,25552,2,2,483680,1,0,0,10,0
45.0,C1,24821,1,1,1553390,1,0,0,6,1
29.0,C23,42317,1,1,4071230,2,0,0,6,1
31.0,C26,21762,1,1,0,1,0,0,6,1
32.0,C12,47379,1,1,145500,1,0,0,5,1
31.0,C22,34561,2,2,3209970,1,0,0,9,1
38.0,C14,62853,1,1,2661590,1,0,0,6,1
37.0,C7,44999,1,2,9460590,2,0,0,8,1
31.0,C25,30292,1,1,386060,1,0,0,11,0
25.0,C17,31361,1,1,1350140,1,0,0,6,1
42.0,C27,35176,2,2,8856850,3,1,0,6,0
36.0,C9,30310,1,1,5698600,1,0,0,10,1
31.0,C6,59451,3,3,0,1,0,0,6,1
36.0,C22,46726,3,3,151600,1,0,0,7,1
34.0,C20,70455,2,2,0,1,0,0,12,0
25.0,C21,56760,1,1,6424400,1,0,0,5,1
33.0,C21,72503,2,2,0,1,0,0,10,1
23.0,C16,54632,1,1,0,1,0,0,9,1
30.0,C8,21245,2,2,0,1,0,0,6,1
30.0,C8,62349,1,2,19301010,4,1,0,7,0
27.0,C14,72839,2,2,0,1,0,0,6,1
34.0,C15,111621,3,3,0,1,0,0,8,1
29.0,C26,71740,3,3,5300890,2,0,0,4,1
32.0,C24,43963,2,2,0,1,0,0,9,1
42.0,C13,54922,2,2,6887200,1,0,0,10,1
24.0,C10,32779,1,1,7277380,4,1,0,12,0
27.0,C27,23149,2,2,0,1,0,0,9,1
29.0,C15,25873,1,1,0,1,0,0,6,1
39.0,C3,52711,2,2,2659790,2,0,0,8,1
27.0,C16,12456,1,1,0,1,0,0,5,1
48.0,C7,117644,2,4,17967580,1,0,0,6,1
30.0,C6,75643,2,2,0,1,0,0,9,0
46.0,C20,48111,2,2,3009570,1,0,0,2,1
42.0,C5,84516,1,2,19559860,3,1,0,9,0
39.0,C15,55037,3,3,1462050,1,0,0,10,1
31.0,C17,38396,2,2,0,1,0,0,6,1
28.0,C19,43897,2,2,0,1,0,0,12,1
25.0,C29,58051,1,1,3313220,3,1,0,5,0
27.0,C28,49886,2,2,0,1,0,0,11,1
33.0,C20,76101,3,3,450700,1,0,0,7,0
29.0,C22,27572,1,1,2272880,3,1,0,8,1
38.0,C17,54600,2,2,2512600,2,1,0,5,1
35.0,C20,95284,4,4,12423580,1,0,0,10,0
30.0,C9,108812,3,3,301200,1,0,0,7,0
37.0,C14,83083,3,3,6125270,1,0,0,8,1
31.0,C12,59932,2,2,0,1,0,0,8,1
38.0,C10,22645,1,1,1016890,1,0,0,9,1
28.0,C20,66465,1,1,0,1,0,0,10,1
42.0,C16,50832,1,1,4320510,3,0,0,5,0
44.0,C12,99127,1,3,22800020,3,1,0,8,0
26.0,C15,77477,3,3,4015020,1,0,0,1,1
22.0,C5,12987,1,1,0,1,0,0,11,1
38.0,C7,116218,2,4,1072630,1,0,0,5,1
31.0,C4,23537,1,1,4609660,1,0,0,1,1
35.0,C27,69697,2,2,12641110,1,0,0,10,1
33.0,C26,45531,2,2,0,1,0,0,1,1
42.0,C27,20797,2,2,0,1,0,0,7,1
44.0,C14,100297,5,5,0,1,0,0,10,1
34.0,C3,45153,1,1,0,1,0,0,3,1
29.0,C1,56985,2,2,0,1,0,0,11,0
33.0,C16,44706,2,2,0,1,0,0,12,0
27.0,C25,29043,1,1,7519640,4,0,0,1,1
35.0,C20,21412,2,2,0,1,0,0,9,0
37.0,C5,94437,1,3,14313890,2,0,0,8,0
30.0,C13,72989,3,3,101850,1,0,0,12,1
40.0,C29,56380,3,3,164520,1,0,0,11,0
40.0,C1,113174,4,4,0,1,0,0,11,0
31.0,C1,34473,2,2,0,1,0,0,6,1
37.0,C27,35189,3,3,0,1,0,0,4,1
38.0,C12,112424,2,4,7120860,1,0,0,8,0
35.0,C28,98568,2,2,0,1,0,0,12,1
23.0,C6,71984,1,3,9309340,1,0,0,1,1
36.0,C3,81876,2,2,0,1,0,0,12,0
31.0,C29,52126,2,2,6097060,3,1,0,11,0
23.0,C21,40818,1,1,270780,1,0,0,9,0
29.0,C20,13417,1,1,252760,1,0,0,12,1
32.0,C12,61712,3,3,0,1,0,0,3,1
34.0,C1,68209,3,3,948670,1,0,0,8,0
33.0,C2,122837,3,3,60153830,4,0,0,4,1
47.0,C8,50533,1,1,738300,1,0,0,9,1
28.0,C28,88169,3,3,11769770,2,1,0,11,1
50.0,C29,55774,2,2,15329900,3,1,0,9,0
36.0,C25,47992,1,1,454610,1,0,0,9,1
48.0,C9,105513,2,4,28842760,1,0,0,4,0
25.0,C3,15822,1,1,0,1,0,0,10,1
33.0,C1,74903,3,3,0,1,0,0,5,1
26.0,C3,36114,1,1,650770,1,0,0,9,1
31.0,C23,34600,2,2,0,1,0,0,12,0
43.0,C18,21942,1,1,4836070,2,0,0,10,1
33.0,C3,127193,3,3,1335220,2,1,0,5,0
32.0,C19,16486,1,1,0,1,0,0,4,1
34.0,C11,43252,1,2,16431480,3,1,0,8,0
40.0,C10,100892,1,4,21404140,2,0,0,9,0
30.0,C22,34234,1,1,3489080,2,1,0,11,0
25.0,C22,60688,2,2,0,1,0,0,8,1
43.0,C20,21898,1,1,543200,1,0,0,5,1
43.0,C1,120954,1,3,21851100,3,1,0,9,0
36.0,C5,59481,2,2,0,1,0,0,11,0
52.0,C27,91839,1,4,25121990,2,0,0,1,1
35.0,C12,52175,2,2,1139880,2,1,0,4,1
34.0,C21,42844,2,2,2921180,4,1,0,7,0
42.0,C29,58534,3,3,0,1,0,0,4,1
33.0,C15,52635,2,2,3416270,1,0,0,8,0
22.0,C25,11068,1,1,2903650,1,0,0,9,1
34.0,C1,24875,1,1,10734200,2,0,0,3,0
29.0,C9,62689,3,3,0,1,0,0,12,1
37.0,C14,115978,4,4,0,1,0,0,1,1
52.0,C14,81784,1,2,4016540,1,0,0,6,1
34.0,C1,21627,1,1,219010,1,0,0,10,1
42.0,C14,53930,1,1,21717750,1,0,0,7,1
36.0,C27,70831,2,2,1212980,2,1,0,8,0
33.0,C10,123255,2,2,4513790,4,0,0,1,1
34.0,C16,41305,2,2,5911900,2,1,0,11,0
36.0,C12,55285,1,2,14577970,2,0,0,7,0
32.0,C9,65299,2,2,3018940,1,0,0,1,1
29.0,C18,40325,1,1,500000,1,0,0,8,1
24.0,C24,48711,2,2,1989440,2,1,0,5,1
40.0,C9,100798,3,3,592150,2,1,0,5,1
34.0,C25,56916,1,1,3378920,1,0,0,8,1
34.0,C15,30959,1,1,174000,1,0,0,6,1
33.0,C3,45207,1,1,611520,1,0,0,2,1
28.0,C28,65448,2,2,0,1,0,0,8,1
36.0,C3,50809,3,3,123720,1,0,0,6,1
35.0,C28,87794,2,3,4984870,1,0,0,10,1
34.0,C3,82666,3,3,0,1,0,0,8,1
34.0,C21,48656,2,2,1799230,2,0,0,1,1
29.0,C15,61789,1,2,26073780,4,1,0,4,0
34.0,C2,94933,3,3,302530,1,0,0,3,1
43.0,C8,51246,2,2,0,1,0,0,8,0
27.0,C14,57627,1,1,152890,1,0,0,2,1
31.0,C21,14166,1,1,360000,1,0,0,7,1
32.0,C9,17234,1,1,983750,1,0,0,12,1
39.0,C3,45148,2,2,0,1,0,0,1,1
27.0,C2,39434,1,1,0,1,0,0,7,1
30.0,C18,114651,1,3,30735660,3,0,0,3,1
30.0,C16,104897,3,3,0,1,0,0,5,0
35.0,C6,21129,1,1,1885000,3,1,0,9,0
25.0,C19,57063,2,2,0,1,0,0,12,0
34.0,C17,35823,1,1,0,1,0,0,8,1
43.0,C7,121239,3,3,2094920,3,0,0,10,0
27.0,C18,104754,3,3,193680,1,0,0,9,0
28.0,C26,39559,1,2,14723750,3,0,0,1,0
29.0,C23,66935,2,2,510930,1,0,0,1,1
32.0,C7,89503,1,4,18180000,1,0,0,5,1
24.0,C2,27693,1,1,0,1,0,0,5,1
36.0,C26,95658,2,4,10223140,1,0,0,10,1
46.0,C3,44497,1,1,3934690,2,0,0,10,1
33.0,C29,73122,3,3,0,1,0,0,12,1
37.0,C5,26206,2,2,0,1,0,0,9,1
42.0,C27,76806,1,3,6492630,1,0,0,7,1
30.0,C1,29283,1,1,0,1,0,0,10,0
39.0,C1,56536,2,2,994340,2,1,0,9,0
25.0,C2,47565,2,2,0,1,0,0,9,0
29.0,C8,39121,1,1,0,1,0,0,6,1
34.0,C1,29359,1,1,0,1,0,0,6,1
40.0,C24,43047,2,2,0,1,0,0,10,1
39.0,C11,96317,1,3,5927690,2,0,0,10,1
42.0,C9,51579,1,1,0,1,0,0,5,1
29.0,C28,61343,1,5,0,1,0,0,9,1
39.0,C10,42723,1,1,0,1,0,0,6,1
43.0,C8,41276,1,1,13366510,3,0,0,4,0
25.0,C19,22575,1,1,2222160,1,0,0,1,1
31.0,C21,91787,3,3,504670,1,0,0,7,1
32.0,C27,49122,1,1,0,1,0,0,12,1
29.0,C10,31773,1,1,0,1,0,0,4,1
29.0,C26,53928,1,1,8320680,1,0,0,4,1
30.0,C7,56867,2,2,0,1,0,0,5,1
27.0,C22,53857,1,1,0,1,0,0,12,0
39.0,C12,95139,3,3,5814180,4,1,0,5,0
32.0,C27,95822,3,3,0,1,0,0,5,1
38.0,C18,45163,2,2,10855850,1,0,0,8,1
23.0,C22,47072,1,1,0,1,0,0,8,1
31.0,C18,149637,2,4,21356700,2,0,0,12,0
51.0,C12,38478,1,2,5644080,2,0,0,9,1
32.0,C1,33681,1,1,403730,1,0,0,8,1
30.0,C5,60847,2,2,153700,1,0,0,8,1
35.0,C15,80094,3,3,2199920,1,0,0,4,0
41.0,C13,47598,1,1,14401180,3,0,0,7,0
25.0,C10,42975,1,1,-500000,1,0,0,1,1
29.0,C2,37995,2,2,0,1,0,0,11,1
42.0,C13,51016,2,3,11165310,1,0,0,11,1
35.0,C3,31500,1,1,485570,1,0,0,3,1
40.0,C27,67685,3,3,0,1,0,0,12,0
31.0,C28,22738,1,1,0,1,0,0,8,1
31.0,C4,30996,1,1,439470,1,0,0,12,1
39.0,C20,149354,5,5,0,1,0,0,2,1
22.0,C12,33042,1,1,0,1,0,0,11,1
39.0,C7,76804,3,3,196060,1,0,0,8,0
32.0,C20,23221,3,3,0,1,0,0,10,0
33.0,C2,45609,1,1,626620,1,0,0,7,1
38.0,C4,92440,1,4,33709640,1,0,1,5,0
34.0,C15,40685,2,2,0,1,0,0,3,1
27.0,C11,81385,1,2,642820,1,0,0,5,1
35.0,C23,83242,2,2,484200,1,0,0,6,1
37.0,C18,85332,3,3,0,1,0,0,10,0
37.0,C11,73566,2,2,8743580,4,0,0,7,0
29.0,C3,47980,2,2,3834850,1,0,0,6,1
28.0,C3,59205,1,1,630200,1,0,0,7,1
39.0,C25,91064,3,3,187950,1,0,0,2,1
40.0,C18,101227,1,3,16483690,2,0,0,11,0
45.0,C14,54718,1,3,34374620,4,1,1,7,0
30.0,C23,58671,1,2,2591250,2,1,0,11,1
31.0,C27,67067,3,3,0,1,0,0,7,1
24.0,C9,63577,1,1,893410,2,0,0,9,1
32.0,C4,49696,2,2,0,1,0,0,12,1
31.0,C25,22875,1,1,0,1,0,0,7,1
41.0,C29,54377,2,2,0,1,0,0,11,0
39.0,C26,61613,3,3,2342890,2,0,0,7,1
28.0,C24,48734,2,2,2842880,2,1,0,5,0
29.0,C14,60764,2,3,117320,1,0,0,1,1
38.0,C6,62204,2,2,290950,1,0,0,10,1
25.0,C8,45526,1,1,768870,1,0,0,12,1
32.0,C3,35542,2,2,306770,1,0,0,10,1
26.0,C16,57714,1,1,1816830,2,0,0,5,0
25.0,C18,26520,2,2,0,1,0,0,11,0
34.0,C3,52914,1,1,-1385530,1,0,0,5,1
31.0,C15,86813,3,3,300830,1,0,0,10,0
40.0,C19,59636,3,3,2589640,1,0,0,5,0
29.0,C2,16581,1,1,341060,1,0,0,9,0
52.0,C6,65754,3,3,7067580,1,0,0,9,1
38.0,C22,75835,2,4,200000,1,0,0,6,1
36.0,C13,90743,1,3,10735670,1,0,0,10,1
37.0,C9,66631,1,2,18027620,2,0,0,6,0
35.0,C23,51267,3,3,0,1,0,0,12,0
44.0,C14,88204,4,4,1876530,1,0,0,7,1
27.0,C4,125011,1,4,15570900,1,0,0,1,1
32.0,C3,44108,2,2,739760,2,1,0,9,0
27.0,C7,53920,1,1,101890,1,0,0,10,1
41.0,C8,64154,1,3,20702280,2,0,1,7,0
30.0,C25,25579,2,2,0,1,0,0,5,1
23.0,C16,30342,1,1,270020,1,0,0,8,1
37.0,C20,57083,2,2,0,1,0,0,12,1
44.0,C25,46309,2,2,2094860,2,1,0,8,1
22.0,C26,27023,1,1,1856620,1,0,0,9,1
51.0,C13,11943,1,1,395400,1,0,0,5,1
32.0,C7,145483,3,3,4899080,1,0,0,7,1
34.0,C16,46866,3,3,1314850,2,1,0,9,0
32.0,C2,53181,1,1,0,1,0,0,12,1
33.0,C6,30044,1,1,5542490,3,1,0,1,0
38.0,C5,42960,3,3,637320,1,0,0,7,0
41.0,C4,136307,5,5,100370,1,0,0,6,1
39.0,C17,39994,2,2,0,1,0,0,6,1
28.0,C1,42507,1,2,1533680,1,0,0,5,1
34.0,C20,48546,2,2,2590880,1,0,0,5,0
30.0,C15,80368,2,2,4169060,4,1,0,6,0
28.0,C7,22095,1,1,101980,1,0,0,9,1
38.0,C2,15861,1,1,0,1,0,0,10,0
31.0,C6,38183,1,3,21029470,4,1,1,11,0
33.0,C24,123565,1,3,32766560,2,0,0,9,0
28.0,C23,68837,2,2,0,1,0,0,6,1
35.0,C6,113857,3,3,150350,1,0,0,2,1
42.0,C1,17476,1,1,103970,1,0,0,12,1
30.0,C9,45811,1,2,2305640,1,0,0,5,1
39.0,C3,41504,2,2,0,1,0,0,6,1
33.0,C24,26160,1,1,1682170,2,1,0,5,1
28.0,C13,40671,1,1,0,1,0,0,11,1
33.0,C6,53062,1,2,14208530,1,0,0,1,1
34.0,C20,80779,2,2,1684420,2,1,0,5,1
41.0,C21,54180,2,2,290830,1,0,0,11,1
55.0,C3,76029,1,3,29036280,4,1,1,6,0
27.0,C29,140833,1,4,11614440,1,0,0,8,1
44.0,C21,53355,1,2,3980110,2,0,0,7,1
30.0,C17,54971,2,2,0,1,0,0,12,1
50.0,C1,59431,1,4,20351490,3,0,0,12,1
27.0,C28,48860,1,1,26818060,2,0,0,6,0
35.0,C22,37209,1,1,17160130,4,1,0,12,0
35.0,C14,37704,2,2,234840,1,0,0,12,1
39.0,C16,41796,1,1,0,1,0,0,5,1
44.0,C25,55815,2,2,800710,1,0,0,1,1
29.0,C27,78511,2,2,0,1,0,0,8,1
34.0,C29,85688,1,3,29146990,3,0,0,8,0
41.0,C11,51764,2,2,3143290,1,0,0,11,1
33.0,C12,38416,1,1,473500,1,0,0,12,1
26.0,C20,90560,1,3,1850000,1,0,0,2,1
43.0,C27,78444,1,3,2357650,1,0,0,3,1
33.0,C21,127737,3,3,4346800,2,1,0,1,0
29.0,C5,42573,2,2,2458110,2,0,0,7,0
36.0,C12,63739,3,3,0,1,0,0,3,1
33.0,C8,53926,2,2,0,1,0,0,10,0
38.0,C26,55601,2,2,17454920,3,1,0,5,0
45.0,C2,74090,1,3,27099710,4,1,0,1,0
38.0,C15,18948,1,1,638080,1,0,0,5,1
40.0,C26,126742,1,5,52526160,1,0,1,4,1
30.0,C6,43578,2,2,5587800,1,0,0,12,1
46.0,C21,77647,3,3,4280480,1,0,0,11,1
33.0,C14,66854,2,2,0,1,0,0,12,0
33.0,C17,52471,3,3,4453830,2,1,0,11,1
34.0,C12,53123,3,3,197080,1,0,0,12,1
30.0,C24,44443,1,1,1205820,2,1,0,5,0
30.0,C16,18192,1,1,2895700,1,0,0,7,1
33.0,C20,27895,1,2,471290,1,0,0,2,1
27.0,C20,41255,2,2,4030510,1,0,0,2,0
30.0,C10,39830,2,2,0,1,0,0,2,1
32.0,C14,79599,3,3,0,1,0,0,7,1
33.0,C27,79239,3,3,0,1,0,0,11,1
44.0,C19,67732,1,2,20918330,4,1,0,7,0
39.0,C26,132819,5,5,1675670,1,0,0,1,0
33.0,C7,51264,3,3,0,1,0,0,2,0
26.0,C28,33721,1,1,0,1,0,0,6,1
41.0,C15,71593,2,2,0,1,0,0,12,1
33.0,C16,123750,2,4,6594920,1,0,0,4,1
37.0,C16,36230,3,3,0,1,0,0,8,1
30.0,C15,57581,1,1,221040,1,0,0,11,1
30.0,C13,24538,1,1,4413820,1,0,0,11,1
28.0,C11,96265,3,3,0,1,0,0,7,1
35.0,C9,39246,2,2,0,1,0,0,8,1
27.0,C14,29148,2,2,1228620,1,0,0,6,1
29.0,C5,68418,3,3,213060,1,0,0,8,1
34.0,C23,76092,2,3,7265580,1,0,0,2,1
27.0,C8,29660,2,2,0,1,0,0,8,1
31.0,C21,36661,3,3,2605330,2,1,0,11,1
41.0,C15,96143,3,3,3842680,1,0,0,11,1
25.0,C1,74589,1,3,2038430,1,0,0,7,1
34.0,C26,32285,2,2,1078260,1,0,0,12,1
32.0,C3,48010,1,1,2042670,2,1,0,5,0
37.0,C16,34619,1,1,951830,1,0,0,5,1
31.0,C4,27867,1,1,5339390,1,0,0,6,1
31.0,C21,73070,1,3,25757010,4,1,1,8,0
33.0,C21,41169,3,3,0,1,0,0,9,1
27.0,C20,25605,2,2,0,1,0,0,10,1
31.0,C10,73534,2,2,13626550,2,0,0,2,0
27.0,C4,63402,2,2,0,1,0,0,12,0
30.0,C26,29575,1,1,728820,1,0,0,1,1
42.0,C20,32043,1,3,2709580,1,0,0,12,1
29.0,C13,69939,3,3,485010,1,0,0,11,1
31.0,C9,66923,2,2,4184300,2,1,0,12,0
37.0,C29,67317,1,2,1061950,1,0,0,11,1
28.0,C7,63898,2,2,418100,1,0,0,5,1
32.0,C24,40086,1,1,0,1,0,0,10,1
26.0,C7,52518,2,2,0,1,0,0,8,1
32.0,C8,60214,1,1,1250540,2,0,0,11,1
26.0,C22,25818,1,1,16585750,3,1,0,9,0
27.0,C28,78057,3,3,3825400,1,0,0,10,1
36.0,C15,83455,3,3,1888150,1,0,0,1,1
28.0,C1,55315,1,2,1500210,1,0,0,11,1
28.0,C7,58533,2,2,1231750,3,1,0,4,1
36.0,C27,61994,2,2,663870,1,0,0,9,1
46.0,C11,19072,1,1,1241200,1,0,0,3,1
32.0,C27,41973,2,2,200000,1,0,0,7,1
27.0,C3,29520,1,1,0,1,0,0,9,1
31.0,C3,88909,3,3,3204010,1,0,0,10,1
26.0,C3,28506,2,2,0,1,0,0,1,1
30.0,C29,44512,3,3,0,1,0,0,5,1
28.0,C10,34020,1,1,3500430,1,0,0,7,1
31.0,C9,49213,1,1,1382460,1,0,0,10,1
29.0,C3,79676,3,3,0,1,0,0,12,0
36.0,C14,77645,3,3,474230,1,0,0,7,0
38.0,C21,25678,1,2,13395500,3,1,0,9,0
28.0,C25,32250,1,1,2435610,1,0,0,11,0
36.0,C26,40099,1,1,6006280,2,0,0,6,1
30.0,C1,59169,2,2,0,1,0,0,2,1
29.0,C15,59078,3,3,952730,2,1,0,7,0
32.0,C11,46860,2,2,0,1,0,0,7,1
36.0,C19,40118,3,3,1183570,2,0,0,9,0
41.0,C29,28059,1,1,375220,1,0,0,6,1
40.0,C15,55836,1,1,16747520,2,0,0,7,0
24.0,C20,40996,2,2,798510,1,0,0,12,1
25.0,C16,45593,2,2,0,1,0,0,12,0
29.0,C18,44137,1,1,3330620,1,0,0,2,0
36.0,C14,52011,1,1,233880,1,0,0,11,1
36.0,C2,21043,1,1,3357730,1,0,0,6,1
31.0,C20,51181,2,2,0,1,0,0,7,1
36.0,C8,26145,1,1,7227870,2,1,0,9,0
41.0,C17,12553,1,1,0,1,0,0,12,1
33.0,C25,18642,1,1,0,1,0,0,9,1
36.0,C29,42383,3,3,899410,1,0,0,5,0
39.0,C27,60415,2,2,2131080,3,1,0,8,0
34.0,C1,81936,2,2,6907240,2,1,0,11,0
49.0,C23,76531,1,2,2395890,1,0,0,7,1
35.0,C7,56702,2,2,181680,1,0,0,11,1
25.0,C4,67394,2,2,3033920,1,0,0,10,1
39.0,C24,72499,3,3,0,1,0,0,6,1
37.0,C7,76388,3,3,4643360,2,1,0,1,0
22.0,C28,48097,1,1,3121600,2,0,0,5,1
30.0,C20,76425,2,2,1119000,1,0,0,6,1
35.0,C26,28498,1,1,1375680,2,0,0,12,1
32.0,C21,74953,2,2,0,1,0,0,3,1
37.0,C10,46345,3,3,0,1,0,0,7,1
34.0,C5,54291,1,1,87200,1,0,0,1,1
37.0,C13,48436,1,1,2866880,1,0,0,5,1
35.0,C11,42408,1,2,7942910,1,0,0,5,1
36.0,C15,32523,2,2,0,1,0,0,11,1
28.0,C19,30258,1,1,0,1,0,0,10,0
25.0,C14,46866,1,1,1789380,1,0,0,8,1
27.0,C23,39471,1,1,0,1,0,0,8,1
35.0,C6,98821,2,4,24461920,1,0,0,6,1
26.0,C27,54056,2,2,0,1,0,0,9,1
25.0,C13,58320,1,1,442400,1,0,0,11,1
27.0,C16,85803,3,3,493600,1,0,0,6,1
35.0,C27,30840,1,2,26824210,4,0,1,12,0
28.0,C10,60796,1,1,0,1,0,0,12,1
32.0,C25,34692,2,2,4293290,1,0,0,12,1
28.0,C3,70916,2,2,5893200,1,0,0,1,0
37.0,C20,59274,1,1,3015730,2,0,0,5,1
31.0,C8,60967,2,2,5352210,2,0,0,2,0
33.0,C22,58203,1,1,0,1,0,0,3,1
24.0,C1,24906,1,2,899070,1,0,0,4,1
44.0,C4,53521,1,2,3266460,2,0,0,9,1
25.0,C21,29719,2,2,0,1,0,0,10,0
40.0,C16,64781,2,2,1154370,2,1,0,6,1
33.0,C3,58131,3,3,212320,1,0,0,1,1
25.0,C25,33239,1,1,3136400,4,1,0,5,1
31.0,C23,47050,3,3,1069470,1,0,0,9,1
38.0,C8,37709,2,2,0,1,0,0,6,1
33.0,C20,21746,1,1,310260,1,0,0,10,1
29.0,C4,42234,1,1,1302720,1,0,0,11,1
31.0,C26,36096,1,1,0,1,0,0,10,1
36.0,C8,130245,1,4,36239210,2,0,0,10,0
41.0,C27,46269,2,2,21565150,3,1,0,12,0
32.0,C21,42779,2,2,0,1,0,0,12,0
26.0,C4,48890,2,2,225060,1,0,0,5,1
29.0,C7,85677,3,3,746720,2,0,0,10,0
29.0,C21,51303,1,1,3239170,1,0,0,7,1
27.0,C10,74087,1,2,6908370,1,0,0,5,1
43.0,C6,66031,1,2,2141250,1,0,0,5,1
28.0,C21,72393,2,2,0,1,0,0,11,1
31.0,C4,50370,3,3,0,1,0,0,10,1
23.0,C7,17687,1,1,0,1,0,0,1,1
36.0,C5,74434,2,2,0,1,0,0,12,0
25.0,C15,20590,1,1,859840,1,0,0,3,1
34.0,C22,46083,2,2,0,1,0,0,6,1
36.0,C10,94212,3,3,3305680,3,1,0,9,0
34.0,C20,38619,2,2,466160,1,0,0,11,1
25.0,C9,84806,3,3,794170,1,0,0,5,1
36.0,C29,70252,3,3,8183770,1,0,0,8,1
41.0,C23,100888,1,3,17600760,2,0,0,10,1
35.0,C29,92796,2,2,16924970,4,1,0,10,0
36.0,C18,73177,2,2,4318000,3,1,0,4,0
31.0,C24,46979,3,3,428840,1,0,0,6,1
27.0,C28,56814,2,2,0,1,0,0,7,1
33.0,C10,42260,3,3,11244630,2,0,0,1,0
30.0,C23,100412,3,3,781740,1,0,0,5,1
32.0,C27,40198,2,2,576430,1,0,0,10,1
34.0,C8,57449,1,1,764970,2,1,0,9,0
37.0,C20,67669,2,2,0,1,0,0,9,1
30.0,C14,62011,2,2,0,1,0,0,12,0
42.0,C15,57975,2,2,7600110,1,0,0,6,1
27.0,C10,92401,2,2,7387090,1,0,0,3,1
33.0,C18,55473,2,2,0,1,0,0,4,1
27.0,C5,78564,2,2,2455760,1,0,0,10,1
36.0,C11,44146,2,2,0,1,0,0,12,1
37.0,C29,63181,2,2,2500570,1,0,0,2,1
27.0,C25,21792,1,1,337170,1,0,0,6,1
37.0,C11,39750,1,1,0,1,0,0,6,1
42.0,C23,30999,1,1,0,1,0,0,6,1
32.0,C6,82773,2,4,24294670,2,0,1,1,0
34.0,C3,80535,2,2,3630980,4,1,0,6,1
21.0,C27,42380,1,1,1000130,2,1,0,12,1
25.0,C18,47487,2,2,0,1,0,0,8,1
40.0,C15,90200,1,2,19132220,2,0,0,8,0
35.0,C12,83028,3,3,7909650,4,1,0,5,0
29.0,C24,65726,2,2,1643120,1,0,0,5,0
37.0,C17,46515,1,1,2199640,1,0,0,6,1
26.0,C17,42405,2,2,0,1,0,0,10,1
30.0,C22,50787,1,1,3991680,1,0,0,7,1
45.0,C9,29915,1,1,0,1,0,0,9,1
52.0,C24,102597,1,3,29736510,4,1,1,8,0
32.0,C9,45264,1,1,0,1,0,0,12,0
33.0,C29,38201,3,3,952840,2,1,0,7,0
32.0,C15,74873,2,2,152890,1,0,0,7,0
40.0,C24,22556,1,1,2717680,1,0,0,9,1
34.0,C2,66035,3,3,4660960,2,1,0,12,1
31.0,C19,58872,2,2,0,1,0,0,10,1
28.0,C15,26053,1,1,0,1,0,0,12,1
34.0,C26,48829,1,1,0,1,0,0,10,1
35.0,C14,71129,2,2,2113020,2,1,0,5,0
36.0,C25,70496,3,3,0,1,0,0,7,0
44.0,C21,139882,3,5,0,1,0,0,4,1
42.0,C9,65632,2,2,9611480,4,1,0,5,1
30.0,C17,90421,3,3,104740,1,0,0,9,1
44.0,C2,117708,3,4,6514730,1,0,0,7,1
37.0,C10,64855,2,2,698240,1,0,0,7,1
41.0,C7,79523,1,3,17504850,4,1,0,4,0
33.0,C21,33442,1,1,0,1,0,0,1,1
32.0,C2,21252,1,1,2037410,2,0,0,10,1
32.0,C16,59928,1,1,100710,1,0,0,11,1
31.0,C7,72478,2,2,9644890,2,0,0,10,0
38.0,C19,131847,5,5,20187150,1,0,0,1,0
32.0,C15,38992,1,1,0,1,0,0,9,1
41.0,C19,105686,2,4,56969020,4,1,0,6,0
30.0,C9,69166,2,2,0,1,0,0,10,1
52.0,C22,40592,1,1,1000000,1,0,0,8,1
37.0,C4,41591,2,2,0,1,0,0,10,1
27.0,C10,47752,2,2,7800830,3,0,0,6,1
31.0,C4,19052,1,1,845060,1,0,0,7,1
26.0,C22,31743,1,1,654060,1,0,0,11,1
34.0,C2,61065,3,3,250310,1,0,0,10,1
46.0,C3,42604,2,2,0,1,0,0,12,1
23.0,C13,68936,1,2,3045460,1,0,0,8,1
41.0,C24,39560,1,1,2987810,1,0,0,10,1
35.0,C28,44707,2,2,321720,1,0,0,1,1
34.0,C12,86291,2,2,0,1,0,0,6,1
37.0,C28,21270,1,1,1042760,1,0,0,8,1
34.0,C17,59930,2,2,441810,1,0,0,7,1
34.0,C20,40948,2,2,362450,1,0,0,11,1
30.0,C21,45665,2,2,194820,1,0,0,11,1
31.0,C21,70778,2,2,405620,1,0,0,10,0
28.0,C22,74781,3,3,0,1,0,0,5,1
40.0,C29,116006,2,5,59696450,1,0,0,10,0
43.0,C24,47426,3,3,194150,1,0,0,8,0
35.0,C26,61050,1,2,20041520,3,0,0,11,0
29.0,C8,43989,1,1,0,1,0,0,7,1
26.0,C4,95969,2,2,1508530,3,1,0,9,0
32.0,C19,50778,3,3,0,1,0,0,11,0
28.0,C16,49533,3,3,0,1,0,0,6,1
45.0,C26,41723,1,1,5029310,1,0,0,10,1
26.0,C29,42844,2,2,0,1,0,0,1,1
36.0,C9,42166,2,2,584180,1,0,0,2,1
32.0,C4,44012,2,2,0,1,0,0,1,1
27.0,C6,59352,2,2,0,1,0,0,6,1
32.0,C17,69678,3,3,11207560,2,0,0,7,0
32.0,C14,52035,1,2,5484730,1,0,0,5,1
28.0,C22,27194,1,1,50000,1,0,0,9,1
30.0,C11,80499,2,2,201770,1,0,0,10,0
41.0,C25,153766,5,5,0,1,0,0,1,1
36.0,C29,42772,1,1,774780,1,0,0,10,1
34.0,C5,82046,2,2,1639910,1,0,0,10,1
36.0,C10,46480,2,2,216810,1,0,0,5,1
35.0,C29,42813,1,1,1353350,1,0,0,7,1
37.0,C8,66650,2,2,10804780,2,1,0,6,0
39.0,C19,32871,3,3,411660,1,0,0,6,1
38.0,C23,31809,1,1,6598680,1,0,0,5,1
32.0,C11,55700,1,1,0,1,0,0,9,1
23.0,C15,35943,1,1,165440,1,0,0,11,1
37.0,C23,45604,1,1,0,1,0,0,8,1
43.0,C29,31780,1,1,13590220,3,0,0,7,0
39.0,C1,70714,1,2,6598600,3,1,0,4,1
40.0,C25,50801,1,1,13936770,2,0,0,11,1
28.0,C7,133579,3,3,1124200,1,0,0,6,0
30.0,C14,52196,1,1,2140510,1,0,0,10,1
35.0,C17,55777,3,3,0,1,0,0,7,1
27.0,C9,53105,1,2,0,1,0,0,2,1
43.0,C25,64370,3,3,0,1,0,0,4,1
41.0,C20,19371,1,1,4627380,2,0,0,5,1
41.0,C29,101223,4,4,961180,1,0,0,7,1
30.0,C25,50029,1,1,0,1,0,0,5,1
33.0,C11,69971,2,2,2587850,3,1,0,7,0
32.0,C22,59105,1,2,18036100,3,0,0,4,0
39.0,C22,11889,1,1,873850,1,0,0,8,1
35.0,C24,47440,2,2,0,1,0,0,11,1
24.0,C3,40437,1,1,7305650,1,0,0,7,1
40.0,C10,29450,3,3,0,1,0,0,6,1
30.0,C8,70246,1,2,8930640,2,0,0,8,1
31.0,C20,25510,1,1,0,1,0,0,6,1
42.0,C11,94440,4,4,386460,1,0,0,8,0
44.0,C9,145116,2,4,21746880,2,0,0,10,0
28.0,C7,62955,1,2,144200,1,0,0,4,1
29.0,C26,30960,1,1,150040,1,0,0,10,0
39.0,C19,106428,3,3,0,1,0,0,10,1
36.0,C29,84266,3,3,13363600,2,1,0,12,0
36.0,C20,90033,4,4,16342310,2,0,0,9,1
32.0,C3,27262,2,2,0,1,0,0,7,1
36.0,C25,116383,2,4,28251450,1,0,0,10,0
49.0,C17,82179,2,2,-411250,1,0,0,2,1
48.0,C14,82691,1,3,35896130,4,1,1,1,0
27.0,C5,93170,3,3,10752230,3,0,0,2,0
35.0,C15,69756,1,3,29040450,3,1,0,6,0
32.0,C19,54631,2,2,1299750,1,0,0,10,1
30.0,C17,33986,2,2,310000,1,0,0,9,0
31.0,C7,59650,2,2,0,1,0,0,3,1
29.0,C4,61879,1,1,7285960,2,0,0,1,1
31.0,C8,31210,2,2,3747990,3,1,0,4,0
25.0,C5,33391,1,1,357370,1,0,0,8,1
34.0,C2,20010,1,1,0,1,0,0,1,1
24.0,C6,117011,3,3,345010,1,0,0,5,0
37.0,C16,42339,2,2,416990,1,0,0,1,1
39.0,C26,112513,1,4,66352800,4,1,0,3,0
34.0,C8,22556,1,1,4008780,1,0,0,1,1
58.0,C24,29202,1,1,3311100,3,0,0,5,1
33.0,C20,90020,2,2,1159750,2,1,0,7,1
27.0,C6,23801,1,1,1282390,1,0,0,5,1
31.0,C16,52209,2,2,0,1,0,0,5,1
36.0,C4,72778,3,3,2512630,2,1,0,5,0
23.0,C18,20984,1,1,150440,1,0,0,5,1
33.0,C25,110792,2,3,8421010,2,0,0,12,1
38.0,C18,59077,2,2,200000,1,0,0,1,1
33.0,C19,62460,3,3,405920,1,0,0,1,1
42.0,C13,35442,1,1,20412560,3,0,0,10,0
49.0,C27,61291,1,1,21687570,4,0,0,8,0
37.0,C1,28216,1,1,8277880,2,0,0,10,1
31.0,C16,38152,2,2,516280,2,1,0,1,1
31.0,C16,25357,1,1,2306700,1,0,0,2,1
55.0,C27,79243,1,2,19504080,4,1,0,7,0
26.0,C20,103305,3,3,0,1,0,0,5,1
35.0,C16,65628,3,3,281160,1,0,0,9,0
34.0,C27,78441,2,4,8107300,2,1,0,2,1
26.0,C11,73207,1,2,13233470,2,0,0,6,1
37.0,C8,79251,2,2,0,1,0,0,12,0
30.0,C10,21935,1,1,622550,1,0,0,6,1
49.0,C3,53572,1,2,3408200,1,0,0,8,1
29.0,C17,37067,2,2,0,1,0,0,8,1
46.0,C27,94485,3,3,0,1,0,0,11,0
33.0,C5,85965,3,3,2201350,3,1,0,8,1
36.0,C5,50766,3,3,4430300,2,1,0,11,0
35.0,C3,70733,2,2,0,1,0,0,1,1
33.0,C19,81348,2,2,0,1,0,0,2,1
28.0,C2,43647,2,2,0,1,0,0,10,1
30.0,C9,49336,1,1,652150,1,0,0,5,1
41.0,C12,68830,2,2,0,1,0,0,5,1
38.0,C2,86246,3,3,0,1,0,0,5,1
26.0,C26,41661,2,2,583160,1,0,0,11,1
39.0,C15,83604,2,3,19422760,3,1,0,10,0
37.0,C20,101423,3,3,1512170,1,0,0,6,1
40.0,C11,57872,1,2,5901490,2,0,0,8,1
23.0,C4,54580,1,1,314880,1,0,0,8,0
40.0,C25,133489,3,4,36398090,3,1,0,11,0
31.0,C11,59644,2,2,3770920,2,0,0,10,1
43.0,C22,81933,2,2,18076460,4,1,0,2,0
36.0,C14,138520,3,3,13170380,4,1,0,11,0
41.0,C4,89192,1,3,13468220,2,0,0,2,0
32.0,C29,38919,2,2,0,1,0,0,10,0
25.0,C24,22132,1,1,0,1,0,0,12,0
25.0,C26,16216,1,1,2481260,1,0,0,7,1
34.0,C15,73561,2,4,3981020,1,0,0,5,1
28.0,C27,62243,3,3,0,1,0,0,8,1
31.0,C23,112722,1,4,2945540,1,0,0,2,1
44.0,C24,91207,2,3,15313810,1,0,0,11,0
33.0,C8,46043,3,3,0,1,0,0,4,1
34.0,C9,78164,3,3,232140,1,0,0,8,1
38.0,C2,55943,1,2,2669780,1,0,0,7,1
46.0,C5,96185,2,3,44861920,4,1,1,2,0
32.0,C25,66742,3,3,728680,1,0,0,5,1
34.0,C24,21154,1,1,116750,1,0,0,11,1
33.0,C29,54915,3,3,2433060,2,0,0,7,0
29.0,C25,83958,3,3,0,1,0,0,9,0
34.0,C23,18291,1,1,1080540,2,0,0,7,1
27.0,C19,83632,2,2,371110,2,0,0,11,0
31.0,C13,51261,2,2,0,1,0,0,10,1
31.0,C5,67740,2,2,375600,1,0,0,6,1
37.0,C19,59764,1,2,23264700,4,0,0,11,0
31.0,C12,49471,2,3,2526560,1,0,0,8,1
39.0,C28,40142,2,2,0,1,0,0,7,1
34.0,C29,30851,2,2,110000,1,0,0,7,1
34.0,C28,57624,2,2,2025190,1,0,0,8,1
31.0,C20,40760,1,1,202160,1,0,0,12,1
47.0,C2,51339,1,2,11611790,2,0,0,1,0
32.0,C9,57541,2,2,0,1,0,0,11,0
30.0,C2,62204,1,2,0,1,0,0,2,1
30.0,C15,12895,1,1,0,1,0,0,6,1
24.0,C1,25551,1,1,0,1,0,0,9,1
41.0,C26,112934,3,3,790560,1,0,0,11,1
25.0,C11,14761,2,2,600000,1,0,0,1,1
27.0,C15,77301,3,3,0,1,0,0,12,0
42.0,C5,129924,1,4,22993970,2,0,0,11,0
34.0,C6,80980,2,2,0,1,0,0,7,1
36.0,C14,21530,2,2,0,1,0,0,5,1
35.0,C1,103102,2,2,2938190,1,0,0,9,1
28.0,C15,34461,3,3,0,1,0,0,9,1
31.0,C27,40435,1,1,8472750,1,0,0,6,1
25.0,C29,76455,1,1,0,1,0,0,11,0
47.0,C21,49280,1,2,16350440,2,0,0,5,0
36.0,C9,60982,2,2,0,1,0,0,5,1
31.0,C6,23566,1,1,0,1,0,0,11,1
33.0,C20,59587,2,2,359540,1,0,0,9,0
32.0,C18,21780,1,1,0,1,0,0,5,1
30.0,C12,87351,2,4,52296540,2,0,0,10,0
34.0,C4,103060,3,3,0,1,0,0,10,1
34.0,C26,46851,2,2,8973880,4,1,0,12,0
38.0,C7,37900,2,2,106910,1,0,0,5,1
29.0,C28,23334,1,1,399460,1,0,0,1,1
33.0,C2,49659,1,1,0,1,0,0,12,1
31.0,C12,38223,3,3,1886720,3,1,0,7,0
25.0,C23,18770,1,1,0,1,0,0,5,1
34.0,C19,41798,1,1,0,1,0,0,10,1
33.0,C25,71384,3,3,3045080,1,0,0,11,1
35.0,C1,65040,1,1,1446390,1,0,0,10,1
33.0,C10,35939,1,1,302530,1,0,0,2,1
28.0,C8,80818,2,2,159480,1,0,0,7,1
23.0,C2,54235,2,2,0,1,0,0,8,0
24.0,C4,33981,1,1,600330,1,0,0,11,1
41.0,C7,59902,3,3,0,1,0,0,4,1
30.0,C8,35595,1,1,6320460,3,1,0,11,0
32.0,C20,67490,2,2,0,1,0,0,6,1
44.0,C6,39054,1,1,155200,1,0,0,6,1
30.0,C27,27774,2,2,0,1,0,0,6,1
34.0,C10,39612,2,2,0,1,0,0,5,1
33.0,C28,56687,2,2,116400,1,0,0,12,1
33.0,C9,47102,2,2,3700850,1,0,0,6,1
25.0,C2,89894,2,2,0,1,0,0,9,0
34.0,C16,113197,3,3,5565300,4,1,0,6,0
25.0,C27,131168,3,3,1026920,2,1,0,8,0
36.0,C6,71338,3,3,0,1,0,0,10,1
37.0,C15,54695,3,3,3627320,2,1,0,4,0
24.0,C25,45009,1,1,0,1,0,0,11,0
38.0,C18,23545,1,1,0,1,0,0,11,1
31.0,C5,31124,1,1,0,1,0,0,10,1
32.0,C18,92847,2,3,6959340,1,0,0,2,1
32.0,C3,63315,2,2,1916140,3,1,0,9,1
40.0,C28,59097,2,2,600000,1,0,0,1,1
34.0,C4,24378,1,1,1824010,1,0,0,8,0
40.0,C4,33901,1,1,2319860,1,0,0,5,1
24.0,C15,93751,3,3,0,1,0,0,12,0
34.0,C3,29642,1,1,0,1,0,0,11,1
43.0,C26,56666,2,3,4068840,1,0,0,8,1
32.0,C13,43282,2,2,0,1,0,0,10,1
38.0,C11,131567,3,3,0,1,0,0,1,1
43.0,C13,99669,1,4,59380670,2,0,0,8,0
31.0,C9,55276,2,2,444720,1,0,0,2,1
49.0,C25,56150,1,2,1995640,1,0,0,4,1
27.0,C25,46397,2,2,0,1,0,0,3,1
31.0,C14,14113,1,1,2051240,1,0,0,3,1
30.0,C27,87710,3,3,0,1,0,0,7,1
43.0,C29,35133,1,2,13233930,1,0,0,1,1
35.0,C24,67219,3,3,172480,1,0,0,5,1
33.0,C20,54214,2,2,1103230,1,0,0,12,1
41.0,C3,15189,1,1,0,1,0,0,5,1
34.0,C7,21346,1,1,328190,1,0,0,4,1
30.0,C14,83916,3,3,0,1,0,0,9,0
28.0,C15,55546,3,3,4817790,1,0,0,4,1
27.0,C6,136960,1,5,3630130,1,0,0,11,1
48.0,C19,77114,1,2,28596320,2,0,0,12,0
41.0,C10,77785,4,4,15539040,2,1,0,11,0
36.0,C25,43764,1,1,817680,1,0,0,8,1
40.0,C17,57225,2,2,1627260,1,0,0,10,1
27.0,C21,48747,1,1,5303160,3,1,0,4,0
32.0,C26,65298,1,2,613790,1,0,0,6,1
28.0,C9,14820,1,1,1039460,1,0,0,7,1
46.0,C28,51383,1,2,18608140,1,0,1,5,0
29.0,C26,40366,2,2,3313060,2,1,0,9,1
32.0,C29,43411,1,1,0,1,0,0,8,1
30.0,C27,87010,3,3,0,1,0,0,8,1
43.0,C24,76562,2,3,5873580,2,0,0,9,1
36.0,C20,79652,2,2,0,1,0,0,10,0
34.0,C26,53750,2,2,0,1,0,0,6,1
38.0,C8,47818,2,2,0,1,0,0,5,1
38.0,C10,94809,2,4,14703740,2,1,0,6,0
29.0,C23,67326,1,1,11742390,3,0,0,7,0
35.0,C18,53643,1,1,2354140,1,0,0,8,1
29.0,C27,29150,3,3,939200,1,0,0,7,1
35.0,C25,63888,2,2,6301900,3,0,0,5,1
26.0,C17,23711,1,1,1368970,1,0,0,12,1
36.0,C7,167758,5,5,0,1,0,0,1,1
33.0,C18,31097,1,1,232820,1,0,0,2,1
37.0,C8,74945,1,2,30668490,4,0,1,10,0
42.0,C4,132505,1,4,22212220,1,0,0,5,1
27.0,C20,16676,1,1,1877880,1,0,0,5,1
38.0,C20,113256,4,4,0,1,0,0,8,1
34.0,C25,63321,2,2,0,1,0,0,11,0
35.0,C14,77848,3,3,-134880,1,0,0,6,1
44.0,C6,109652,1,3,12342600,1,0,0,11,1
31.0,C15,17648,1,1,0,1,0,0,5,1
39.0,C10,112317,3,3,650870,1,0,0,11,1
33.0,C24,62380,2,2,2814660,1,0,0,5,1
26.0,C28,73899,2,2,2423110,1,0,0,10,0
35.0,C12,77613,3,3,0,1,0,0,9,0
25.0,C18,27993,1,1,100950,1,0,0,11,1
31.0,C5,169549,2,5,48017720,1,0,0,7,0
38.0,C28,58275,1,1,1624320,1,0,0,1,1
48.0,C4,111507,2,4,37052330,3,1,0,8,0
36.0,C18,54059,3,3,1160900,2,1,0,8,0
32.0,C6,68525,3,3,393110,1,0,0,8,0
30.0,C21,28890,3,3,0,1,0,0,7,1
34.0,C25,82309,2,2,1147570,2,0,0,9,0
33.0,C15,40281,2,2,0,1,0,0,12,1
36.0,C17,39195,1,1,0,1,0,0,11,0
27.0,C21,12064,1,1,0,1,0,0,11,1
27.0,C27,58259,2,2,200000,1,0,0,4,1
37.0,C17,46832,1,1,0,1,0,0,10,1
53.0,C1,56188,1,3,5951770,2,0,0,10,1
30.0,C29,37214,1,1,0,1,0,0,3,1
29.0,C13,13222,1,1,0,1,0,0,1,1
33.0,C4,100560,3,3,2077720,1,0,0,7,1
31.0,C18,24429,1,1,500000,2,0,0,1,1
28.0,C16,36373,2,2,0,1,0,0,7,0
35.0,C9,51769,2,2,834440,2,1,0,9,0
33.0,C5,51617,2,2,0,1,0,0,9,1
37.0,C29,63424,3,3,3232040,1,0,0,10,1
26.0,C25,44169,1,2,1857200,1,0,0,11,1
37.0,C21,90492,3,3,8545060,1,0,0,6,1
30.0,C29,59110,2,2,6078150,4,1,0,5,0
23.0,C10,71138,2,2,0,1,0,0,7,1
33.0,C18,90734,3,3,1835260,2,1,0,5,1
37.0,C22,18024,2,2,2921500,2,1,0,5,0
29.0,C4,17481,1,1,0,1,0,0,7,1
24.0,C21,23511,1,1,6774730,1,0,0,1,1
40.0,C12,92031,3,3,8087990,2,1,0,11,0
40.0,C9,37664,1,1,18059400,4,0,0,1,0
25.0,C28,99691,1,4,22037490,1,0,0,6,1
42.0,C24,58577,2,2,2375570,2,1,0,9,1
38.0,C21,33343,1,1,990700,1,0,0,8,1
32.0,C9,85831,2,2,269890,1,0,0,12,1
26.0,C12,36191,1,1,150000,1,0,0,5,1
30.0,C2,42551,2,2,0,1,0,0,12,1
30.0,C15,52371,1,1,3763050,3,1,0,5,0
34.0,C20,19183,2,2,0,1,0,0,5,1
29.0,C1,63182,3,3,0,1,0,0,1,1
33.0,C14,99858,2,2,2213880,1,0,0,4,1
31.0,C24,45365,3,3,0,1,0,0,11,0
32.0,C27,55723,1,1,12943640,1,0,0,2,1
27.0,C24,55344,2,2,0,1,0,0,4,1
34.0,C25,36682,1,1,235880,1,0,0,10,1
40.0,C6,30967,1,1,6222350,2,1,0,6,0
34.0,C10,44188,1,1,0,1,0,0,6,1
35.0,C12,99515,3,3,7052730,3,1,0,11,1
34.0,C19,89269,3,3,250000,1,0,0,3,1
26.0,C2,68294,1,1,4531680,1,0,0,6,1
29.0,C24,18538,1,1,9802190,2,1,0,11,0
46.0,C2,44041,1,1,2470920,2,0,0,2,1
36.0,C16,47251,3,3,0,1,0,0,4,1
37.0,C4,65277,2,2,6270140,3,1,0,4,0
36.0,C2,58626,3,3,502040,2,1,0,10,1
41.0,C13,51616,1,1,2959320,1,0,0,6,1
36.0,C6,74360,2,2,11532320,1,0,0,12,1
37.0,C29,142543,1,4,33738740,2,0,0,10,0
28.0,C14,65958,1,2,17386610,4,0,0,7,1
36.0,C23,40775,1,1,2424000,1,0,0,2,1
25.0,C25,29052,1,1,2172260,1,0,0,11,1
25.0,C20,62242,2,2,291000,1,0,0,12,1
36.0,C28,59644,1,2,15457560,3,0,0,11,1
51.0,C19,40013,1,2,12708940,1,0,0,5,1
47.0,C27,48747,1,1,17784050,3,0,0,5,0
33.0,C3,25228,1,1,4542520,1,0,0,11,1
24.0,C28,38169,1,1,4925520,1,0,0,1,0
39.0,C4,52092,3,3,1697840,2,0,0,6,0
30.0,C22,15052,1,1,2241890,2,0,0,7,0
27.0,C17,75458,2,2,0,1,0,0,7,1
32.0,C8,66536,3,3,0,1,0,0,9,0
31.0,C7,30212,1,1,1250290,2,1,0,8,1
31.0,C20,91020,3,3,0,1,0,0,9,1
35.0,C13,71761,3,3,0,1,0,0,6,1
32.0,C20,70395,3,3,0,1,0,0,5,1
42.0,C12,47809,1,1,23959960,3,0,0,8,0
33.0,C15,18173,1,1,899440,1,0,0,11,1
26.0,C23,59536,1,1,0,1,0,0,11,1
37.0,C11,64254,1,2,2547580,1,0,0,5,1
38.0,C28,118773,3,3,1525520,1,0,0,6,1
41.0,C1,130752,2,4,7044890,1,0,0,5,1
23.0,C6,43876,1,1,2636210,4,1,0,6,0
28.0,C10,125576,1,3,7644960,2,0,0,5,1
31.0,C16,33169,2,2,292470,1,0,0,10,1
40.0,C5,37667,2,2,0,1,0,0,11,0
46.0,C15,115152,4,4,1052540,1,0,0,6,1
33.0,C26,83236,2,4,33139380,2,0,0,5,0
38.0,C13,67049,1,3,1308180,1,0,0,10,1
31.0,C18,34556,2,2,3042000,1,0,0,8,1
26.0,C24,30558,1,1,0,1,0,0,12,0
36.0,C13,90057,2,5,95331060,4,0,0,4,0
23.0,C16,18224,1,1,1875360,1,0,0,3,1
25.0,C5,16206,1,1,1450030,1,0,0,10,1
45.0,C24,37521,2,2,812710,1,0,0,12,1
41.0,C27,31816,1,1,751070,1,0,0,7,1
29.0,C29,137450,3,4,13977500,2,0,0,8,1
39.0,C20,90090,2,2,1892760,2,0,0,6,1
33.0,C5,45993,1,1,7442600,3,1,0,9,0
32.0,C23,47678,1,1,393770,1,0,0,11,1
39.0,C13,38706,2,2,101840,1,0,0,10,1
36.0,C20,75344,2,2,412310,1,0,0,9,0
37.0,C27,96562,3,3,0,1,0,0,10,0
30.0,C15,37039,2,2,1444590,1,0,0,1,1
34.0,C19,14776,1,1,458200,1,0,0,12,1
32.0,C27,68356,1,4,34703880,2,0,0,4,0
29.0,C20,59662,1,3,33882080,4,1,1,6,0
32.0,C22,67667,2,2,0,1,0,0,7,1
45.0,C22,44884,1,2,10878820,1,0,0,5,1
36.0,C10,70774,2,2,22155600,4,1,0,8,0
38.0,C19,77399,1,2,8981930,1,0,0,6,0
31.0,C17,34569,2,2,0,1,0,0,12,1
35.0,C14,78009,3,3,0,1,0,0,11,0
41.0,C23,58799,1,1,11509380,2,0,0,5,0
35.0,C24,45414,1,1,11155940,4,1,0,12,0
33.0,C26,54019,3,3,231840,1,0,0,8,1
38.0,C14,23166,1,1,1371720,3,0,0,7,1
39.0,C13,116077,2,4,33054410,3,1,0,12,1
25.0,C7,64168,2,2,900000,1,0,0,6,1
37.0,C19,29962,1,1,5818480,1,0,0,5,1
46.0,C25,96053,3,3,0,1,0,0,9,1
30.0,C22,47301,1,2,3805340,1,0,0,11,1
43.0,C24,81854,1,3,27474930,4,1,0,5,0
32.0,C22,128520,3,3,1090260,1,0,0,9,1
39.0,C20,53880,1,1,7291330,1,0,0,8,1
29.0,C15,83215,3,3,1476940,2,1,0,9,0
24.0,C18,64399,2,2,903300,2,1,0,8,0
49.0,C9,135231,1,4,43275060,2,0,1,6,0
32.0,C28,83298,2,4,20222360,2,1,0,12,0
27.0,C10,56766,2,2,1420720,1,0,0,4,0
23.0,C9,26766,1,1,0,1,0,0,12,1
34.0,C27,71878,3,3,0,1,0,0,11,0
46.0,C5,65990,1,2,6265580,1,0,0,7,1
38.0,C26,52321,1,1,166320,1,0,0,7,1
23.0,C8,42059,1,1,0,1,0,0,1,1
25.0,C15,37888,1,1,242500,1,0,0,7,1
30.0,C25,80907,2,2,17286750,2,0,0,8,0
28.0,C13,50141,2,2,0,1,0,0,4,1
25.0,C3,37046,1,1,151720,1,0,0,7,1
46.0,C23,50326,2,2,4266380,1,0,0,1,1
42.0,C29,29462,1,1,2276750,1,0,0,7,1
46.0,C16,18799,1,1,10913820,1,0,0,8,1
26.0,C4,24676,2,2,0,1,0,0,5,1
31.0,C4,20983,1,1,1184840,1,0,0,10,1
35.0,C7,53902,2,2,1730630,3,1,0,7,0
31.0,C28,18469,1,1,0,1,0,0,2,1
34.0,C23,52222,1,1,2017900,1,0,0,6,1
28.0,C11,53554,2,2,0,1,0,0,5,1
36.0,C20,21364,1,1,250000,1,0,0,6,1
35.0,C3,76805,1,3,15672850,1,0,0,4,1
34.0,C21,131568,1,4,22976810,2,0,0,7,0
36.0,C18,111600,2,4,5356780,2,1,0,11,1
33.0,C20,69003,3,3,10073920,2,1,0,9,1
35.0,C3,85254,1,2,13985380,3,1,0,8,0
36.0,C20,102822,3,3,0,1,0,0,9,1
26.0,C7,33058,1,1,2736060,2,0,0,12,1
42.0,C14,26460,2,2,3780770,1,0,0,5,1
37.0,C4,17566,1,1,0,1,0,0,6,1
25.0,C24,15482,1,1,1308570,1,0,0,1,1
37.0,C5,50158,2,2,0,1,0,0,10,1
39.0,C2,110829,2,3,895750,1,0,0,7,1
41.0,C8,99300,3,3,0,1,0,0,3,1
24.0,C8,21993,1,1,237580,1,0,0,6,1
40.0,C17,21636,1,1,953760,1,0,0,12,1
32.0,C16,79797,1,1,143040,1,0,0,6,1
23.0,C15,46604,1,1,0,1,0,0,1,1
36.0,C4,75224,3,3,1109460,1,0,0,5,0
39.0,C29,44154,1,1,2607050,2,0,0,3,0
41.0,C13,56478,3,3,0,1,0,0,6,1
30.0,C5,63004,3,3,0,1,0,0,10,1
31.0,C15,81792,2,2,269240,1,0,0,6,1
31.0,C29,98935,1,4,42883990,3,0,0,9,0
28.0,C16,53320,1,1,2264270,1,0,0,9,1
39.0,C25,104128,2,4,23114450,2,0,0,1,0
28.0,C20,57164,2,2,1092560,1,0,0,5,1
35.0,C20,38829,2,2,0,1,0,0,1,1
42.0,C9,68473,2,2,4553290,1,0,0,7,1
33.0,C12,87954,2,3,7008490,4,1,0,7,1
39.0,C6,53377,1,3,22738660,3,0,1,8,0
27.0,C2,30083,1,1,2511830,1,0,0,6,1
34.0,C7,104058,3,3,0,1,0,0,11,0
28.0,C5,28949,1,1,167020,1,0,0,11,1
25.0,C21,14034,1,1,0,1,0,0,4,1
39.0,C26,56808,1,2,11868520,1,0,0,7,1
30.0,C1,67162,2,2,0,1,0,0,12,0
26.0,C7,62716,2,2,8490390,1,0,0,7,1
32.0,C18,126357,3,3,6655210,3,1,0,11,0
25.0,C11,65507,2,2,0,1,0,0,9,1
35.0,C20,66890,2,2,0,1,0,0,11,0
41.0,C15,19724,1,1,1464860,1,0,0,9,1
30.0,C12,92763,3,3,21260010,4,0,0,2,0
32.0,C29,80788,2,2,0,1,0,0,9,0
36.0,C17,24985,1,1,0,1,0,0,6,1
30.0,C8,19447,1,1,4235570,1,0,0,9,1
28.0,C5,17044,2,2,0,1,0,0,6,1
44.0,C8,62354,1,2,2416390,2,0,0,8,1
32.0,C26,69599,3,3,553250,1,0,0,9,0
31.0,C3,104157,3,3,332040,1,0,0,7,0
36.0,C12,55601,2,2,0,1,0,0,12,1
47.0,C5,38047,1,1,8966620,1,0,0,6,1
40.0,C7,69098,2,2,8924290,1,0,0,7,1
48.0,C22,38788,1,1,4744440,3,0,0,9,1
34.0,C11,62292,2,2,4816290,1,0,0,6,1
32.0,C15,40216,2,2,0,1,0,0,8,1
30.0,C19,65092,3,3,289760,1,0,0,9,0
35.0,C10,23955,1,1,325210,1,0,0,2,1
34.0,C6,77739,2,2,0,1,0,0,4,1
34.0,C6,23641,2,2,0,1,0,0,9,1
29.0,C13,48747,1,3,22183450,2,0,0,9,0
34.0,C3,68037,1,2,9869790,1,0,0,1,1
31.0,C7,26716,1,1,0,1,0,0,10,1
37.0,C22,21909,2,2,903730,2,1,0,6,0
36.0,C17,22719,1,1,0,1,0,0,10,1
28.0,C6,69153,2,2,0,1,0,0,10,1
41.0,C1,103568,2,4,9437800,1,0,0,10,1
35.0,C16,112112,2,4,30121900,1,0,0,12,0
33.0,C24,38326,1,1,11417820,3,1,0,12,0
35.0,C24,114637,3,3,0,1,0,0,5,1
37.0,C18,56621,3,3,1162140,2,1,0,8,0
29.0,C11,64610,1,2,552950,1,0,0,3,1
29.0,C7,68500,2,2,2357400,3,1,0,6,1
34.0,C13,40608,1,1,0,1,0,0,10,1
25.0,C21,42400,1,1,74800,1,0,0,7,1
37.0,C1,51668,3,3,151150,1,0,0,11,0
28.0,C9,61670,2,2,202770,1,0,0,7,1
43.0,C6,102345,4,4,5117750,1,0,0,7,1
48.0,C6,81055,1,1,1418630,1,0,0,11,1
37.0,C21,25186,1,1,11666740,3,0,0,4,0
41.0,C1,101984,4,4,710000,1,0,0,8,0
26.0,C27,80394,3,3,1518990,2,0,0,8,0
25.0,C25,43753,1,2,2255560,1,0,0,7,1
26.0,C11,85428,1,3,29475240,4,1,1,7,0
31.0,C16,21445,3,3,2805970,2,1,0,6,1
30.0,C29,65156,2,2,2318270,1,0,0,1,1
25.0,C7,58571,1,1,2204570,1,0,0,5,1
38.0,C20,69776,2,2,995920,1,0,0,2,1
35.0,C15,77535,3,3,0,1,0,0,5,1
37.0,C23,99907,2,4,2657330,1,0,0,8,1
29.0,C20,52912,1,1,0,1,0,0,11,1
26.0,C21,58892,2,2,0,1,0,0,3,1
39.0,C29,92672,4,4,15075460,4,1,0,6,0
33.0,C25,50306,2,2,204330,1,0,0,7,1
25.0,C14,64281,1,1,0,1,0,0,7,1
34.0,C20,55845,3,3,0,1,0,0,4,1
38.0,C16,27572,2,2,432800,1,0,0,11,1
33.0,C12,29442,2,2,0,1,0,0,12,1
36.0,C24,59816,3,3,2031660,2,0,0,7,0
38.0,C16,76463,3,3,8598920,1,0,0,10,1
25.0,C24,12860,2,2,0,1,0,0,3,1
26.0,C3,37784,1,1,5516270,3,1,0,10,0
31.0,C17,37940,2,2,0,1,0,0,8,1
38.0,C5,59562,1,1,0,1,0,0,9,1
38.0,C17,39404,3,3,0,1,0,0,8,1
31.0,C7,100722,4,4,390500,1,0,0,8,1
32.0,C9,23582,2,2,300000,1,0,0,6,1
41.0,C3,83969,2,3,21645050,4,1,0,10,0
30.0,C28,56807,3,3,2646250,2,1,0,6,0
32.0,C29,38744,1,1,4168880,2,1,0,6,1
35.0,C20,61569,1,1,458250,1,0,0,11,1
30.0,C7,27634,1,1,1811510,1,0,0,5,1
43.0,C6,14375,1,1,453060,1,0,0,10,1
39.0,C7,50168,2,2,2726900,1,0,0,1,1
34.0,C18,77778,2,2,450180,1,0,0,10,0
43.0,C1,47303,1,1,0,1,0,0,3,1
38.0,C27,37944,1,1,1646410,1,0,0,5,1
35.0,C15,73538,2,3,19356940,3,1,0,10,0
25.0,C28,45675,1,1,394000,1,0,0,9,1
32.0,C4,36085,2,3,14852170,2,1,0,10,0
27.0,C19,28318,1,1,5302040,3,1,0,3,0
35.0,C10,107274,4,4,18503930,1,0,0,8,0
32.0,C16,69924,2,2,12580670,2,0,0,7,0
44.0,C22,27828,1,2,8353280,1,0,0,5,1
33.0,C12,53480,1,3,6703630,1,0,0,6,1
29.0,C10,56659,2,2,0,1,0,0,9,1
38.0,C10,49165,1,1,0,1,0,0,5,1
32.0,C16,19037,1,1,350210,1,0,0,12,1
27.0,C23,68957,1,1,0,1,0,0,7,1
27.0,C8,41730,1,1,0,1,0,0,7,1
24.0,C17,23068,1,1,5945900,1,0,0,9,1
34.0,C9,32108,2,2,0,1,0,0,12,1
47.0,C22,35598,1,2,20843460,4,1,0,7,0
29.0,C1,22217,1,1,1834440,1,0,0,7,1
42.0,C15,128906,5,5,116940,1,0,0,7,1
33.0,C26,46734,3,3,0,1,0,0,3,1
32.0,C8,36284,2,2,0,1,0,0,5,1
38.0,C14,50048,1,1,0,1,0,0,12,1
27.0,C28,66132,1,1,0,1,0,0,10,1
32.0,C17,53115,1,1,3140390,1,0,0,11,1
29.0,C20,66945,2,2,1038200,2,0,0,8,0
40.0,C11,144726,1,5,61583040,2,0,0,7,0
30.0,C6,62462,1,1,5735920,2,1,0,6,0
36.0,C11,78445,3,3,0,1,0,0,5,1
37.0,C24,56848,2,2,1354530,1,0,0,1,1
33.0,C26,69141,2,2,590220,1,0,0,11,1
29.0,C17,82260,2,2,5018600,1,0,0,8,1
31.0,C20,51471,3,3,0,1,0,0,10,1
29.0,C20,131805,3,3,3021440,3,1,0,7,0
40.0,C1,52682,2,2,4063950,1,0,0,5,1
38.0,C5,76756,3,3,3356980,2,0,0,4,0
30.0,C25,42199,2,2,309180,1,0,0,9,0
26.0,C18,38809,1,1,0,1,0,0,10,1
37.0,C21,53793,2,3,25164110,1,0,0,11,1
30.0,C1,80138,1,2,2565930,1,0,0,5,1
32.0,C26,49295,3,3,0,1,0,0,11,0
41.0,C12,91456,2,4,19597020,1,0,0,8,0
23.0,C26,51670,1,2,1784850,1,0,0,6,1
36.0,C19,35607,1,1,563400,1,0,0,6,1
41.0,C15,42313,1,1,4284010,1,0,0,7,1
27.0,C9,85112,3,3,0,1,0,0,10,0
27.0,C27,54397,2,2,0,1,0,0,1,1
35.0,C13,50180,2,2,0,1,0,0,11,0
28.0,C26,95133,3,3,0,1,0,0,1,1
25.0,C23,46952,2,2,8633370,4,1,0,2,0
26.0,C19,29582,1,1,0,1,0,0,5,1
34.0,C24,82815,2,3,21748820,4,1,0,10,0
34.0,C9,12105,1,1,0,1,0,0,8,1
45.0,C19,35370,2,2,2815090,1,0,0,7,1
28.0,C20,69498,1,1,977830,1,0,0,7,1
30.0,C27,70254,2,2,2298240,2,1,0,6,0
